FIPStxt,PCTPOVALL_2013,POP_ESTIMATE_2013,Unemployment_rate_2013,bachelor_or_higher_2013
00000,15.8,"316,497,531",,28.8
01000,18.9,"4,833,996",7.2,22.6
01001,13.5,"55,136",6.3,20.9
01003,14.2,"195,443",6.7,27.7
01005,28.2,"26,978",10.4,13.4
01007,23.1,"22,504",7.8,12.1
01009,17.2,"57,720",6.3,12.1
01011,35.2,"10,605",9.6,12.5
01013,28.8,"20,289",10.4,14.0
01015,21.4,"116,547",8.6,16.1
01017,22.5,"34,175",8.0,11.8
01019,20.1,"26,115",6.6,12.8
01021,20.3,"43,836",6.6,12.9
01023,22.4,"13,397",9.2,11.8
01025,25.4,"25,166",14.0,11.2
01027,19.6,"13,506",8.4,9.2
01029,18.9,"15,017",7.7,9.0
01031,18.5,"50,861",7.0,22.5
01033,16.3,"54,499",8.1,17.7
01035,30.5,"12,898",10.9,8.8
01037,19.9,"11,065",9.0,9.8
01039,19.2,"37,850",8.1,14.2
01041,22.2,"13,960",7.5,12.7
01043,16.4,"80,783",6.6,14.8
01045,20.1,"49,845",7.5,17.0
01047,31.3,"42,102",12.4,14.2
01049,20.0,"70,894",7.6,10.7
01051,13.4,"80,808",6.2,21.0
01053,27.8,"37,893",8.6,11.7
01055,19.6,"103,962",7.5,14.8
01057,20.7,"16,909",8.3,13.2
01059,23.1,"31,542",8.1,11.0
01061,23.6,"26,742",7.0,10.4
01063,35.0,"8,718",13.0,12.8
01065,25.7,"15,311",11.7,12.8
01067,18.2,"17,224",7.7,16.6
01069,18.1,"103,626",7.0,19.7
01071,16.9,"52,944",7.7,13.0
01073,18.9,"659,197",6.7,30.0
01075,23.0,"14,203",7.1,9.5
01077,17.1,"92,774",7.1,21.1
01079,17.4,"33,571",8.3,11.9
01081,19.8,"151,708",6.0,32.5
01083,15.9,"88,924",6.3,22.7
01085,37.0,"10,730",14.3,14.4
01087,33.8,"19,822",9.7,19.6
01089,13.9,"347,073",6.4,38.5
01091,31.5,"20,228",8.9,17.4
01093,20.8,"30,305",8.0,9.5
01095,18.1,"94,569",6.8,15.2
01097,20.3,"414,560",8.4,20.7
01099,29.7,"22,188",12.1,10.6
01101,22.1,"227,271",7.3,31.5
01103,17.4,"119,628",6.9,19.9
01105,36.4,"9,978",13.7,10.4
01107,23.8,"19,383",9.3,11.0
01109,25.3,"33,682",7.7,23.0
01111,23.4,"22,663",7.8,11.1
01113,23.9,"59,430",7.3,16.0
01115,14.0,"86,244",6.2,15.5
01117,8.3,"204,196",4.7,40.3
01119,38.0,"13,345",9.2,14.9
01121,19.8,"81,339",8.4,13.0
01123,22.2,"41,221",8.1,16.3
01125,17.2,"200,744",6.4,27.0
01127,22.0,"65,859",8.2,10.5
01129,19.7,"16,842",11.0,9.5
01131,32.4,"11,262",19.6,11.1
01133,21.9,"24,187",9.5,10.4
02000,10.1,"737,259",6.9,27.5
02013,15.2,"3,351",6.4,12.0
02016,8.1,"5,692",7.0,13.3
02020,7.7,"301,629",5.2,32.8
02050,25.1,"17,806",16.1,11.7
02060,9.5,955,8.6,19.4
02068,5.4,"1,933",12.3,28.1
02070,20.9,"4,988",10.1,17.8
02090,8.8,"100,807",5.8,29.0
02100,11.4,"2,569",9.9,30.1
02105,19.2,"2,134",14.6,26.9
02110,7.5,"32,626",5.0,36.7
02122,10.1,"57,067",7.9,23.7
02130,10.3,"13,695",7.5,25.4
02150,8.5,"14,115",6.2,20.0
02164,17.3,"1,662",14.4,15.4
02170,9.4,"95,892",8.2,21.3
02180,26.3,"9,884",12.2,17.1
02185,13.3,"9,733",7.1,14.5
02188,23.3,"7,697",16.3,11.0
02195,10.7,"3,213",9.2,25.7
02198,17.4,"6,402",11.9,15.7
02220,9.8,"9,014",5.4,34.1
02230,4.2,"1,012",12.1,24.3
02240,16.1,"6,969",12.9,23.1
02261,9.2,"9,770",9.8,23.9
02270,34.7,"7,952",23.6,5.4
02275,13.9,"2,404",8.0,16.7
02282,16.7,634,9.4,22.7
02290,24.4,"5,654",18.2,9.3
04000,18.6,"6,634,997",7.8,26.9
04001,38.7,"71,867",18.5,10.4
04003,18.8,"129,744",9.0,22.5
04005,23.2,"136,690",8.1,31.1
04007,22.6,"53,063",9.5,16.1
04009,21.6,"37,435",8.0,12.3
04011,11.6,"8,944",5.6,11.1
04012,23.2,"20,331",8.4,9.3
04013,17.6,"4,013,164",6.6,29.8
04015,21.3,"202,855",10.3,11.9
04017,31.8,"107,346",13.6,14.9
04019,19.3,"998,050",6.8,29.8
04021,16.7,"390,965",8.3,18.0
04023,22.7,"47,121",15.5,19.8
04025,16.4,"215,389",7.7,24.2
04027,19.2,"202,033",25.7,14.3
05000,19.4,"2,958,765",7.4,20.1
05001,19.8,"18,820",7.3,12.4
05003,21.9,"21,252",11.1,12.2
05005,15.6,"40,996",8.0,16.5
05007,11.7,"237,301",5.7,28.7
05009,17.2,"37,389",7.1,15.4
05011,27.0,"11,192",9.9,10.8
05013,18.9,"5,219",8.2,7.4
05015,22.2,"27,760",6.1,17.3
05017,32.4,"11,338",11.8,12.6
05019,22.7,"22,697",9.1,21.4
05021,20.0,"15,294",9.9,9.5
05023,16.3,"25,656",8.5,16.8
05025,17.0,"8,562",7.7,13.8
05027,23.2,"24,266",8.9,20.3
05029,21.1,"21,176",9.0,14.7
05031,20.0,"101,647",6.7,24.4
05033,19.2,"61,658",7.8,14.3
05035,23.6,"49,758",8.6,13.9
05037,20.6,"17,504",7.8,11.4
05039,21.4,"7,921",11.0,10.2
05041,34.0,"12,492",9.9,12.7
05043,24.8,"18,728",10.0,19.1
05045,14.9,"119,390",6.6,27.2
05047,20.7,"17,945",7.0,12.4
05049,22.9,"12,227",7.0,10.0
05051,22.1,"97,065",7.7,20.9
05053,14.2,"18,046",6.7,17.6
05055,17.7,"43,072",8.2,14.7
05057,22.9,"22,398",7.4,14.1
05059,18.5,"33,440",7.4,12.3
05061,21.5,"13,544",6.5,12.0
05063,18.4,"36,843",9.1,14.4
05065,20.8,"13,364",8.7,11.7
05067,27.5,"17,664",10.9,8.8
05069,25.8,"73,084",10.4,17.5
05071,23.4,"25,887",7.7,14.7
05073,26.0,"7,245",9.9,10.7
05075,20.4,"17,061",9.0,10.4
05077,41.1,"10,041",9.7,7.1
05079,27.6,"14,043",8.5,7.9
05081,19.3,"12,741",7.7,10.6
05083,18.7,"22,076",7.9,11.7
05085,12.6,"70,834",6.2,18.2
05087,20.2,"15,721",5.9,10.3
05089,19.0,"16,427",7.8,12.9
05091,21.4,"43,380",6.6,13.9
05093,25.6,"44,734",11.4,13.0
05095,28.7,"7,667",8.8,11.3
05097,22.4,"9,216",8.5,12.9
05099,21.1,"8,789",7.7,12.8
05101,23.5,"8,068",7.1,12.7
05103,27.5,"25,013",9.7,15.5
05105,17.5,"10,344",9.4,11.9
05107,36.6,"20,426",11.6,12.0
05109,21.9,"11,126",8.9,13.8
05111,24.7,"24,222",8.4,8.6
05113,24.4,"20,354",7.3,12.3
05115,20.0,"62,747",7.5,20.7
05117,19.6,"8,360",7.1,9.3
05119,17.3,"391,536",6.6,31.2
05121,22.6,"17,634",9.6,12.3
05123,37.3,"27,302",10.6,11.7
05125,10.3,"114,185",5.9,23.4
05127,21.2,"10,914",6.4,11.6
05129,25.9,"7,990",8.0,12.0
05131,22.1,"127,118",7.6,19.2
05133,22.2,"17,342",8.3,8.6
05135,22.8,"17,068",9.9,11.0
05137,26.2,"12,533",8.8,14.2
05139,21.0,"40,675",8.6,16.1
05141,18.9,"16,965",9.6,13.6
05143,20.9,"216,753",5.4,28.7
05145,17.2,"78,661",8.0,18.1
05147,28.0,"7,052",9.8,10.1
05149,19.7,"21,807",6.6,9.4
06000,16.8,"38,431,393",8.9,30.7
06001,13.0,"1,583,226",7.3,41.8
06003,19.7,"1,150",9.8,31.2
06005,14.3,"36,602",10.3,19.3
06007,21.4,"222,420",10.3,24.4
06009,15.0,"44,614",10.0,21.2
06011,13.0,"21,432",19.0,13.8
06013,10.8,"1,095,980",7.5,39.0
06015,23.7,"27,827",11.8,14.0
06017,11.4,"181,542",8.5,32.0
06019,28.6,"956,102",13.2,19.6
06021,19.1,"27,914",12.1,14.6
06023,21.5,"134,620",8.2,27.5
06025,22.7,"177,517",24.9,13.3
06027,15.7,"18,423",7.9,21.4
06029,22.7,"865,923",11.7,15.0
06031,21.8,"150,862",13.5,12.9
06033,23.3,"63,843",10.8,16.2
06035,19.1,"32,212",10.6,13.1
06037,19.0,"10,053,995",9.8,29.7
06039,23.4,"152,165",12.5,13.6
06041,8.7,"258,821",5.2,54.6
06043,16.4,"17,758",10.5,21.3
06045,20.9,"87,471",8.2,22.0
06047,24.8,"263,481",14.5,12.6
06049,20.0,"9,112",12.4,18.7
06051,11.8,"14,016",8.5,29.8
06053,17.5,"429,123",10.3,23.0
06055,9.7,"140,580",6.8,31.3
06057,12.8,"98,262",8.1,32.3
06059,13.5,"3,121,854",6.5,36.8
06061,8.3,"367,339",7.7,35.1
06063,15.7,"18,877",13.9,22.6
06065,17.4,"2,296,956",9.9,20.5
06067,18.9,"1,463,149",8.9,28.0
06069,12.7,"57,594",11.1,18.2
06071,19.2,"2,093,306",9.8,18.7
06073,15.3,"3,222,558",7.8,34.6
06075,13.8,"841,138",5.5,52.4
06077,19.8,"705,027",12.4,18.1
06079,15.0,"276,284",6.8,31.5
06081,8.0,"750,489",5.2,44.4
06083,16.2,"436,076",7.1,31.3
06085,10.5,"1,871,107",6.5,46.5
06087,14.9,"269,444",10.3,37.0
06089,19.7,"179,137",11.8,18.8
06091,14.5,"3,040",12.9,18.5
06093,20.4,"43,773",13.2,23.9
06095,12.9,"425,219",9.0,24.3
06097,12.4,"495,432",7.0,32.2
06099,21.8,"526,286",12.9,16.4
06101,17.2,"95,287",14.6,18.7
06103,17.9,"63,130",11.7,13.5
06105,22.1,"13,444",12.1,21.3
06107,29.6,"454,725",14.4,13.3
06109,14.6,"53,911",10.8,19.5
06111,12.0,"840,972",7.9,31.4
06113,17.8,"205,485",9.1,37.9
06115,20.6,"73,361",13.1,13.7
08000,12.9,"5,272,086",6.8,37.0
08001,13.2,"470,547",8.0,20.9
08003,25.6,"16,256",9.4,24.2
08005,12.3,"608,128",6.5,38.8
08007,15.1,"12,202",8.6,32.9
08009,19.1,"3,679",4.1,17.2
08011,33.0,"5,734",7.5,8.8
08013,13.5,"310,396",5.4,58.3
08014,6.4,"60,306",5.8,47.5
08015,13.0,"18,335",6.1,33.9
08017,13.1,"1,898",4.2,21.3
08019,9.1,"9,110",6.2,39.8
08021,22.9,"8,258",10.4,19.1
08023,26.0,"3,539",11.1,19.5
08025,43.2,"5,333",7.3,12.3
08027,14.4,"4,271",6.3,32.7
08029,15.1,"30,326",8.5,18.3
08031,18.7,"648,401",6.6,42.9
08033,14.0,"2,025",8.2,18.4
08035,3.6,"306,297",5.3,55.8
08037,9.5,"52,441",6.1,47.0
08039,6.7,"23,713",5.8,29.6
08041,11.4,"655,453",7.9,35.2
08043,19.7,"46,463",10.5,15.6
08045,12.4,"57,102",7.3,26.6
08047,8.1,"5,572",5.9,29.1
08049,11.0,"14,319",5.8,32.8
08051,13.7,"15,505",5.5,54.5
08053,10.6,812,4.6,42.2
08055,22.8,"6,507",13.5,28.0
08057,15.7,"1,364",4.8,22.2
08059,9.1,"551,548",6.2,40.7
08061,12.9,"1,420",4.3,20.6
08063,15.1,"8,016",3.9,13.5
08065,14.7,"7,290",7.3,28.1
08067,12.4,"53,334",5.7,41.4
08069,13.8,"316,494",5.8,43.8
08071,18.0,"14,444",11.0,16.3
08073,19.1,"5,431",5.8,15.6
08075,16.9,"22,407",5.1,15.8
08077,15.4,"147,699",8.5,25.7
08079,9.9,723,5.9,39.3
08081,11.5,"13,115",6.7,15.6
08083,19.1,"25,667",7.6,27.3
08085,15.1,"40,744",9.4,24.5
08087,13.5,"28,389",6.5,15.1
08089,22.5,"18,572",9.6,15.5
08091,9.8,"4,578",7.1,47.5
08093,10.3,"16,128",6.1,32.0
08095,12.4,"4,355",4.5,16.8
08097,7.3,"17,381",6.4,56.8
08099,21.7,"12,281",6.2,14.1
08101,20.1,"161,320",9.8,21.5
08103,10.7,"6,759",7.6,23.1
08105,17.9,"11,755",11.2,20.3
08107,8.9,"23,458",5.9,48.0
08109,29.4,"6,226",11.0,23.8
08111,15.7,699,8.4,24.8
08113,11.9,"7,697",6.6,53.5
08115,14.5,"2,354",6.1,15.0
08117,9.3,"28,755",5.0,47.7
08119,8.4,"23,258",7.7,31.6
08121,14.0,"4,774",4.6,18.5
08123,13.2,"270,560",6.6,25.9
08125,13.0,"10,163",4.7,17.7
09000,10.7,"3,599,341",7.7,36.5
09001,9.6,"942,119",7.2,44.8
09003,12.1,"898,848",8.0,34.9
09005,7.2,"186,660",6.9,33.4
09007,7.3,"165,389",6.5,39.1
09009,12.8,"863,016",8.4,32.9
09011,9.4,"273,976",8.0,31.3
09013,6.4,"151,706",6.6,36.9
09015,13.0,"117,627",8.7,22.3
10000,12.9,"925,240",6.7,28.9
10001,13.5,"169,562",7.3,21.4
10003,11.9,"549,233",6.5,33.8
10005,14.8,"206,445",6.8,22.2
11000,18.8,"649,111",8.5,52.4
11001,18.8,"649,111",8.5,52.4
12000,17.1,"19,600,311",7.3,26.4
12001,25.7,"253,309",5.7,40.5
12003,18.8,"27,017",7.3,10.0
12005,18.0,"174,966",7.3,21.1
12007,21.8,"26,907",6.2,9.2
12009,15.0,"551,440",8.3,26.3
12011,15.2,"1,845,393",6.7,29.9
12013,23.8,"14,647",7.6,7.8
12015,14.4,"164,948",7.9,21.2
12017,17.3,"139,134",9.7,16.6
12019,9.9,"196,535",6.4,24.0
12021,13.4,"340,106",7.1,31.7
12023,18.8,"67,563",7.4,13.3
12027,33.9,"34,616",8.1,10.6
12029,27.1,"15,954",8.7,8.4
12031,17.1,"887,322",7.6,26.4
12033,17.6,"307,871",7.3,23.7
12035,14.5,"99,950",8.4,23.3
12037,25.9,"11,639",5.6,14.4
12039,25.3,"46,191",9.0,14.9
12041,21.9,"16,907",7.7,11.1
12043,24.1,"13,201",7.6,12.2
12045,22.4,"15,805",6.9,13.6
12047,29.2,"14,319",8.7,9.4
12049,28.8,"27,410",8.3,8.8
12051,25.1,"37,750",12.0,9.9
12053,15.6,"174,205",9.0,15.5
12055,20.1,"97,919",9.4,14.9
12057,16.8,"1,294,145",6.7,29.5
12059,27.5,"19,649",7.6,12.0
12061,14.1,"142,021",9.7,26.6
12063,26.3,"49,000",7.1,14.2
12065,19.6,"14,192",7.4,16.9
12067,25.2,"8,846",5.2,9.3
12069,14.5,"308,115",7.5,20.5
12071,16.3,"661,336",7.3,24.7
12073,21.7,"282,184",6.1,44.2
12075,23.6,"39,694",8.2,11.1
12077,27.7,"8,328",6.7,12.8
12079,28.9,"18,713",8.2,9.7
12081,16.0,"342,417",6.8,26.6
12083,19.6,"336,159",8.6,17.4
12085,13.5,"151,478",7.3,29.9
12086,21.0,"2,641,866",7.6,26.3
12087,16.8,"76,536",4.8,28.0
12089,13.4,"75,628",6.6,22.8
12091,13.4,"193,906",5.7,27.4
12093,25.7,"39,076",8.7,10.2
12095,18.2,"1,226,764",6.9,30.1
12097,20.7,"299,498",7.9,17.6
12099,15.0,"1,376,199",7.3,32.4
12101,13.5,"475,695",7.8,20.4
12103,15.1,"930,109",6.8,27.5
12105,19.3,"623,159",8.3,18.1
12107,26.9,"72,543",10.4,11.4
12109,9.6,"209,544",5.5,41.4
12111,19.0,"286,307",10.0,19.5
12113,13.8,"160,811",6.5,25.9
12115,13.0,"390,242",7.1,30.8
12117,12.9,"436,706",6.7,35.0
12119,12.0,"108,483",8.9,25.2
12121,24.6,"43,718",6.9,9.8
12123,23.9,"22,879",7.8,11.6
12125,23.8,"15,086",6.3,10.0
12127,16.6,"501,201",8.1,20.8
12129,15.9,"31,016",6.0,17.2
12131,19.3,"59,403",6.0,24.1
12133,23.4,"24,635",7.8,11.4
13000,19.0,"9,994,759",8.2,28.0
13001,28.6,"18,391",10.7,12.8
13003,26.0,"8,287",9.4,7.7
13005,22.8,"11,230",8.4,12.1
13007,27.7,"3,321",10.2,10.9
13009,31.8,"46,139",10.2,19.0
13011,17.4,"18,325",7.7,11.6
13013,14.4,"71,425",7.4,17.1
13015,19.1,"101,289",8.6,15.9
13017,31.9,"17,490",12.6,9.8
13019,24.0,"19,005",9.6,12.8
13021,29.2,"154,615",9.2,22.5
13023,22.0,"12,755",14.0,14.9
13025,22.5,"18,299",10.7,6.4
13027,25.4,"15,631",8.3,11.4
13029,10.1,"33,133",7.4,30.6
13031,30.6,"71,308",8.7,27.7
13033,32.0,"22,925",12.0,9.9
13035,22.0,"23,222",9.4,8.4
13037,39.1,"6,517",8.7,11.5
13039,15.6,"51,517",7.8,19.5
13043,29.1,"10,944",8.4,14.6
13045,17.9,"112,388",9.6,18.3
13047,16.0,"65,335",6.8,17.5
13049,31.2,"13,044",8.6,9.4
13051,20.3,"278,428",8.1,31.3
13053,20.5,"12,350",11.3,27.5
13055,28.3,"25,120",9.1,7.7
13057,11.0,"224,869",6.2,34.2
13059,37.2,"121,206",7.7,39.5
13061,35.5,"3,037",11.1,7.9
13063,25.4,"264,843",10.8,18.0
13065,33.5,"6,802",9.3,12.5
13067,13.8,"718,208",6.8,43.7
13069,28.2,"43,129",10.0,12.9
13071,25.9,"46,288",8.9,13.1
13073,8.3,"136,287",6.5,34.1
13075,25.3,"17,025",8.6,12.4
13077,13.7,"133,222",7.0,26.9
13079,21.5,"12,481",8.8,13.0
13081,30.7,"23,232",11.3,15.5
13083,16.7,"16,502",7.2,17.0
13085,15.2,"22,651",7.3,24.4
13087,26.6,"27,372",9.6,14.7
13089,19.9,"714,935",8.4,39.7
13091,25.9,"21,243",11.5,15.2
13093,30.9,"14,313",11.6,10.1
13095,31.3,"93,130",10.4,17.8
13097,17.9,"136,560",8.6,24.4
13099,27.4,"10,511",8.8,12.9
13101,28.3,"3,997",6.3,5.7
13103,11.8,"54,488",7.1,16.8
13105,23.4,"19,514",10.9,11.3
13107,34.1,"22,861",12.6,11.6
13109,27.9,"10,813",7.6,14.1
13111,22.5,"23,746",9.0,14.4
13113,7.2,"108,355",6.8,42.6
13115,22.2,"96,025",9.5,18.1
13117,7.7,"195,312",5.9,43.8
13119,20.9,"22,044",9.9,13.0
13121,18.2,"984,721",8.2,48.2
13123,25.1,"28,587",9.0,16.4
13125,19.2,"3,083",9.7,9.6
13127,20.3,"81,533",8.6,26.1
13129,18.4,"55,830",8.9,14.2
13131,25.7,"25,258",7.6,11.3
13133,23.1,"16,283",9.9,21.4
13135,13.7,"858,956",6.9,33.9
13137,21.2,"43,294",7.9,17.1
13139,20.8,"187,759",6.8,22.8
13141,38.5,"8,898",14.8,9.9
13143,22.2,"28,482",9.2,14.1
13145,10.6,"32,673",6.6,27.3
13147,20.8,"25,480",9.3,15.5
13149,20.3,"11,561",9.4,8.2
13151,11.6,"210,755",8.4,26.1
13153,15.4,"147,919",7.5,24.0
13155,26.5,"9,412",10.6,10.3
13157,14.0,"60,971",7.0,19.5
13159,19.7,"13,543",8.3,13.3
13161,22.7,"14,986",10.0,9.6
13163,27.5,"16,342",14.0,8.8
13165,38.3,"9,268",12.4,13.1
13167,31.3,"9,776",9.9,11.5
13169,16.3,"28,769",7.2,17.8
13171,19.7,"17,946",11.4,14.2
13173,27.2,"10,398",8.3,12.0
13175,29.1,"47,927",10.8,15.0
13177,11.6,"29,061",6.9,20.5
13179,20.0,"64,057",8.6,20.2
13181,22.3,"7,719",10.0,11.4
13183,21.8,"16,641",7.9,14.0
13185,26.3,"112,802",8.0,23.1
13187,21.5,"30,908",7.5,25.4
13189,23.7,"21,421",11.3,13.7
13191,23.1,"14,180",9.1,15.8
13193,33.5,"13,961",12.7,10.1
13195,18.7,"28,116",7.3,14.9
13197,24.7,"8,721",8.5,10.6
13199,27.2,"21,207",10.8,8.9
13201,26.0,"5,917",7.2,11.9
13205,32.8,"23,027",8.6,9.6
13207,13.9,"27,005",7.9,18.7
13209,25.5,"8,973",11.3,15.5
13211,17.1,"17,752",7.9,22.7
13213,21.9,"39,298",11.3,9.6
13215,22.9,"203,952",9.3,22.6
13217,15.0,"102,201",9.7,19.4
13219,8.6,"34,050",5.6,43.1
13221,17.6,"14,512",7.3,18.0
13223,11.6,"147,181",7.2,23.4
13225,21.1,"26,905",10.7,19.2
13227,15.1,"29,509",7.9,22.5
13229,21.8,"18,948",8.5,11.8
13231,13.8,"17,796",8.5,17.0
13233,22.5,"41,177",8.8,13.1
13235,23.5,"11,531",9.0,9.6
13237,19.0,"21,310",10.3,18.7
13239,26.9,"2,366",8.4,3.2
13241,19.4,"16,247",9.9,26.6
13243,31.7,"7,185",10.4,17.4
13245,27.7,"201,276",9.8,20.5
13247,16.8,"86,815",9.2,26.0
13249,20.1,"5,072",9.2,14.2
13251,27.9,"14,216",12.7,13.0
13253,27.3,"8,903",10.1,12.2
13255,21.1,"63,741",11.5,14.8
13257,20.4,"25,595",9.0,14.2
13259,38.7,"5,484",8.9,10.0
13261,36.1,"31,357",11.3,18.5
13263,24.5,"6,449",9.1,12.3
13265,31.0,"1,693",12.0,9.3
13267,28.3,"25,477",8.2,11.6
13269,29.1,"8,441",11.7,10.1
13271,32.8,"16,705",11.4,10.9
13273,30.4,"9,214",9.7,8.7
13275,20.4,"44,848",8.7,18.1
13277,31.3,"40,280",8.5,16.0
13279,28.3,"27,302",11.0,15.2
13281,18.1,"10,752",10.3,22.7
13283,30.9,"6,665",12.3,12.3
13285,23.8,"69,007",8.7,18.6
13287,30.5,"8,143",9.9,9.8
13289,22.9,"8,462",13.8,10.8
13291,16.9,"21,607",7.7,19.6
13293,22.3,"26,522",9.8,11.4
13295,17.3,"68,317",7.9,14.0
13297,14.2,"85,987",7.7,18.4
13299,27.6,"35,704",9.4,13.9
13301,27.5,"5,554",12.0,7.3
13303,26.5,"20,679",9.7,11.1
13305,25.3,"30,058",9.8,11.4
13307,23.0,"2,707",8.8,11.2
13309,45.0,"7,939",12.6,8.5
13311,19.0,"27,781",7.4,19.3
13313,19.9,"103,087",9.6,14.0
13315,33.2,"8,996",11.1,8.6
13317,24.0,"9,944",11.2,14.5
13319,23.6,"9,436",10.3,8.2
13321,23.1,"21,064",8.9,8.1
15000,11.2,"1,408,987",4.8,30.1
15001,19.5,"191,409",6.6,25.6
15003,9.6,"987,019",4.4,32.1
15005, ,89,,41.5
15007,11.8,"69,679",5.6,25.1
15009,10.7,"160,791",5.1,25.7
16000,15.6,"1,612,843",6.1,25.1
16001,13.6,"416,556",5.2,36.0
16003,17.3,"3,831",13.6,21.9
16005,17.7,"83,322",5.8,26.8
16007,13.0,"5,937",5.1,16.1
16009,16.5,"9,049",10.1,13.4
16011,14.1,"45,408",5.8,17.3
16013,9.9,"21,322",5.6,44.7
16015,14.9,"6,744",7.9,24.1
16017,17.0,"40,703",8.8,21.1
16019,12.0,"107,550",5.4,26.0
16021,17.8,"10,865",8.1,15.4
16023,17.1,"2,628",6.7,17.9
16025,13.1,"1,039",6.5,22.3
16027,20.1,"199,040",7.4,16.8
16029,11.1,"6,830",5.3,17.5
16031,15.3,"23,342",5.2,15.6
16033,17.5,861,6.1,11.4
16035,17.8,"8,604",11.3,15.5
16037,14.3,"4,235",8.3,26.3
16039,16.6,"26,156",6.7,16.9
16041,12.3,"12,849",4.2,17.4
16043,16.7,"12,912",5.3,19.7
16045,18.4,"16,694",7.8,15.8
16047,16.3,"15,094",4.9,12.1
16049,15.8,"16,201",9.7,14.8
16051,13.1,"26,868",5.1,22.0
16053,15.3,"22,606",5.3,13.4
16055,13.3,"144,357",7.3,23.3
16057,18.1,"38,221",4.9,44.1
16059,18.0,"7,725",9.4,23.8
16061,17.0,"3,825",5.0,16.2
16063,15.6,"5,307",7.6,11.8
16065,29.1,"37,572",4.1,33.7
16067,14.4,"20,310",5.5,9.9
16069,13.4,"39,938",5.0,21.1
16071,13.8,"4,269",4.3,13.2
16073,18.4,"11,423",3.8,8.2
16075,17.6,"22,591",6.5,16.4
16077,17.6,"7,694",6.6,15.9
16079,19.4,"12,685",12.1,13.5
16081,12.8,"10,301",5.0,34.4
16083,16.0,"79,839",5.6,16.3
16085,11.7,"9,586",10.3,34.3
16087,17.9,"9,954",7.3,16.7
17000,14.6,"12,890,552",9.1,31.4
17001,15.9,"67,046",6.8,21.3
17003,33.0,"7,643",12.7,8.4
17005,16.0,"17,461",8.6,19.1
17007,10.2,"53,910",10.2,19.3
17009,16.0,"6,857",6.2,12.2
17011,12.0,"34,084",9.2,17.4
17013,12.0,"5,042",9.8,14.4
17015,14.0,"14,868",8.1,15.1
17017,12.9,"13,335",9.0,13.0
17019,21.6,"205,761",7.6,42.4
17021,13.1,"34,171",9.7,13.5
17023,13.7,"16,203",9.4,17.6
17025,14.2,"13,572",10.0,14.0
17027,9.5,"37,895",6.9,20.3
17029,19.8,"53,641",8.8,24.2
17031,17.8,"5,246,635",9.6,34.7
17033,14.0,"19,514",8.6,17.1
17035,12.1,"10,871",8.1,13.8
17037,18.7,"104,802",8.2,29.8
17039,13.8,"16,401",8.3,16.8
17041,10.7,"19,829",7.1,16.2
17043,7.0,"931,522",7.4,46.3
17045,18.5,"17,958",9.4,18.2
17047,12.7,"6,678",8.7,10.5
17049,11.1,"34,306",7.0,20.0
17051,16.9,"22,037",9.4,13.1
17053,11.4,"13,814",7.8,16.3
17055,20.0,"39,572",12.0,13.1
17057,14.8,"36,369",10.9,14.5
17059,17.1,"5,401",9.6,12.0
17061,18.3,"13,617",8.8,12.9
17063,8.0,"50,149",11.5,20.2
17065,14.9,"8,329",7.7,15.7
17067,12.2,"18,531",8.7,18.4
17069,20.3,"4,158",11.7,12.2
17071,12.8,"6,909",7.9,15.7
17073,11.2,"49,750",7.8,19.8
17075,14.0,"29,017",8.5,14.6
17077,29.5,"59,981",8.1,35.1
17079,10.5,"9,577",8.1,16.2
17081,18.4,"38,721",9.4,15.9
17083,10.5,"22,638",9.0,16.2
17085,10.2,"22,218",7.7,23.7
17087,17.9,"12,648",12.4,15.1
17089,10.9,"524,277",8.7,31.7
17091,16.7,"112,193",10.5,17.1
17093,5.8,"119,525",8.3,34.2
17095,19.6,"52,235",8.9,17.0
17097,9.5,"704,000",8.1,41.9
17099,13.8,"112,039",10.5,15.9
17101,18.2,"16,683",9.9,8.4
17103,12.4,"34,881",8.3,16.0
17105,12.5,"38,243",8.2,14.5
17107,13.6,"29,943",8.2,16.2
17109,21.1,"32,420",8.4,33.3
17111,7.1,"307,367",8.5,32.4
17113,13.8,"174,893",6.6,42.8
17115,18.1,"109,435",11.5,22.3
17117,13.9,"46,892",9.5,15.9
17119,13.7,"267,247",8.9,24.4
17121,19.2,"38,646",10.2,13.9
17123,10.2,"12,140",9.0,17.0
17125,14.0,"14,187",11.0,14.2
17127,17.5,"14,980",9.8,16.7
17129,10.8,"12,608",7.1,22.1
17131,9.7,"16,123",7.9,14.7
17133,4.9,"33,570",6.7,25.9
17135,16.1,"29,671",11.0,12.1
17137,16.0,"35,038",8.0,20.7
17139,12.4,"14,903",7.3,14.1
17141,13.0,"52,377",9.9,19.9
17143,17.0,"188,529",9.7,28.9
17145,17.6,"21,861",11.2,14.3
17147,7.2,"16,440",7.3,26.5
17149,17.3,"16,142",7.5,13.5
17151,19.9,"4,332",9.3,13.5
17153,21.5,"5,904",12.4,12.0
17155,9.0,"5,825",10.1,14.1
17157,14.1,"32,915",8.5,11.8
17159,16.4,"16,068",8.6,20.4
17161,15.8,"146,804",8.3,21.8
17163,18.3,"267,065",9.9,25.3
17165,18.6,"24,892",10.6,14.6
17167,15.2,"199,037",7.4,32.5
17169,13.2,"7,425",8.1,18.6
17171,13.3,"5,234",8.9,13.7
17173,12.6,"22,164",8.9,14.4
17175,11.0,"5,883",9.6,16.7
17177,18.6,"46,782",9.5,17.9
17179,8.9,"136,372",8.7,23.6
17181,16.7,"17,559",11.3,20.1
17183,19.6,"80,418",10.7,13.9
17185,14.6,"11,624",7.7,16.8
17187,15.1,"17,704",7.4,20.9
17189,9.9,"14,404",6.3,20.5
17191,17.4,"16,616",7.9,11.8
17193,15.5,"14,526",7.8,14.3
17195,12.1,"57,274",8.9,16.2
17197,8.5,"683,708",9.7,32.3
17199,16.2,"67,088",9.1,22.5
17201,16.3,"290,845",10.5,21.2
17203,7.0,"39,155",7.2,27.6
18000,15.8,"6,570,713",7.7,23.2
18001,15.5,"34,685",6.2,14.7
18003,17.0,"363,596",7.5,26.3
18005,11.6,"79,549",6.0,26.5
18007,11.9,"8,748",7.3,16.0
18009,15.4,"12,490",9.9,9.8
18011,7.3,"60,519",5.8,41.0
18013,13.4,"15,054",7.4,21.1
18015,10.9,"20,096",7.1,16.0
18017,13.8,"38,542",7.7,13.7
18019,11.7,"112,800",6.9,18.9
18021,15.0,"26,797",9.0,14.0
18023,14.4,"32,958",7.2,13.0
18025,19.3,"10,611",10.0,12.1
18027,13.9,"32,303",5.7,12.4
18029,10.8,"49,799",8.3,17.6
18031,12.9,"26,262",6.8,13.7
18033,12.9,"42,302",7.2,16.3
18035,23.0,"117,355",8.7,22.5
18037,8.9,"42,318",5.4,18.9
18039,15.5,"200,591",7.3,18.2
18041,17.3,"23,839",10.4,8.9
18043,13.1,"76,059",6.4,22.6
18045,13.8,"16,863",9.7,11.9
18047,11.4,"22,929",8.4,18.1
18049,16.3,"20,455",8.2,12.7
18051,12.0,"33,554",5.9,16.1
18053,21.7,"69,044",9.1,16.8
18055,13.7,"32,817",10.0,12.1
18057,5.5,"296,828",5.1,55.1
18059,6.5,"71,096",6.6,26.3
18061,13.0,"39,082",7.0,14.9
18063,6.4,"153,644",5.8,32.2
18065,17.2,"49,066",8.8,14.9
18067,15.8,"82,961",8.2,20.0
18069,13.0,"36,841",7.6,16.9
18071,12.9,"43,436",6.5,14.5
18073,10.7,"33,381",7.8,14.9
18075,16.0,"21,296",7.7,10.0
18077,15.3,"32,511",7.7,17.8
18079,16.9,"28,272",9.2,9.6
18081,11.8,"145,806",6.3,26.8
18083,15.9,"38,064",6.7,14.1
18085,12.7,"77,997",6.6,20.3
18087,12.7,"38,067",6.0,10.3
18089,17.8,"491,403",9.2,19.8
18091,17.0,"111,256",9.4,17.3
18093,12.9,"45,873",10.2,13.7
18095,19.6,"130,370",9.3,16.7
18097,21.3,"928,349",8.4,27.4
18099,13.8,"47,037",7.5,16.6
18101,14.9,"10,230",6.4,10.8
18103,17.7,"36,133",8.8,10.6
18105,24.0,"142,020",6.9,43.4
18107,12.5,"38,130",7.2,17.8
18109,12.7,"69,446",7.6,16.1
18111,11.4,"14,079",8.9,8.5
18113,13.6,"47,511",7.4,13.2
18115,10.5,"6,035",8.2,13.1
18117,16.8,"19,727",9.8,12.6
18119,15.0,"21,170",10.0,11.0
18121,17.2,"17,234",9.2,13.7
18123,14.2,"19,488",7.7,10.9
18125,12.3,"12,666",6.9,11.2
18127,11.7,"166,427",7.2,25.4
18129,9.6,"25,515",6.4,20.5
18131,14.3,"13,004",7.0,13.1
18133,13.2,"37,532",8.5,16.2
18135,18.1,"25,616",8.7,12.4
18137,10.2,"28,443",8.7,15.9
18139,12.8,"17,025",7.2,15.1
18141,20.1,"266,850",8.8,26.5
18143,17.0,"23,852",8.8,11.5
18145,12.6,"44,502",7.2,14.8
18147,10.5,"20,844",6.7,15.5
18149,19.4,"23,215",9.5,12.3
18151,12.3,"34,294",6.6,19.4
18153,18.3,"21,193",9.3,13.2
18155,19.9,"10,528",7.4,9.9
18157,19.6,"180,925",6.7,35.7
18159,10.3,"15,584",7.0,16.4
18161,13.1,"7,309",7.3,18.4
18163,18.7,"181,524",7.2,22.6
18165,13.9,"15,855",10.8,13.0
18167,23.9,"108,356",9.5,21.2
18169,14.2,"32,348",7.5,17.0
18171,9.9,"8,393",8.8,16.0
18173,7.9,"61,001",6.3,27.2
18175,15.5,"27,810",8.5,11.9
18177,23.0,"67,978",8.7,17.4
18179,11.8,"27,736",6.4,15.7
18181,12.4,"24,376",7.0,15.4
18183,8.9,"33,238",7.0,16.7
19000,12.6,"3,092,341",4.8,25.7
19001,10.1,"7,463",4.2,16.3
19003,13.2,"3,892",3.7,13.7
19005,13.9,"14,046",6.4,14.9
19007,17.2,"12,659",6.5,18.3
19009,11.2,"5,880",4.9,16.6
19011,8.8,"25,737",5.1,18.8
19013,16.7,"132,591",5.1,25.3
19015,11.3,"26,352",4.1,20.3
19017,6.5,"24,577",3.8,28.3
19019,9.2,"20,932",4.8,17.1
19021,12.5,"20,584",4.0,20.0
19023,9.3,"14,998",4.6,15.0
19025,14.0,"9,909",5.2,19.1
19027,9.5,"20,599",3.4,18.8
19029,14.8,"13,598",5.1,19.0
19031,7.4,"18,379",4.3,19.5
19033,11.9,"43,505",5.4,21.0
19035,11.1,"11,918",4.3,19.6
19037,10.6,"12,288",5.0,13.8
19039,13.3,"9,259",5.6,14.3
19041,10.7,"16,474",4.5,18.4
19043,12.0,"17,785",5.7,15.5
19045,13.9,"48,330",5.8,17.7
19047,13.0,"17,422",4.4,14.7
19049,6.0,"74,727",3.6,43.6
19051,16.5,"8,770",5.6,16.4
19053,21.6,"8,245",4.5,18.4
19055,10.1,"17,499",4.3,15.5
19057,12.3,"40,452",6.1,18.9
19059,8.7,"16,949",5.3,25.4
19061,12.8,"95,912",4.6,27.1
19063,14.7,"9,994",4.1,15.3
19065,13.9,"20,501",5.3,18.4
19067,12.1,"16,110",5.5,15.9
19069,13.6,"10,531",4.5,15.1
19071,13.1,"7,063",4.3,20.5
19073,12.8,"9,156",4.7,17.4
19075,6.9,"12,311",4.4,20.7
19077,10.3,"10,675",5.2,17.1
19079,10.1,"15,312",5.6,18.0
19081,10.1,"11,102",4.0,16.6
19083,11.0,"17,424",5.1,19.7
19085,10.6,"14,437",4.5,17.7
19087,14.2,"20,219",5.4,20.0
19089,11.9,"9,511",4.6,11.6
19091,11.2,"9,683",4.1,18.2
19093,11.5,"7,142",4.0,19.6
19095,10.1,"16,341",4.2,21.0
19097,11.8,"19,562",5.4,14.5
19099,9.8,"36,731",5.2,17.8
19101,16.1,"17,276",5.0,31.2
19103,16.0,"139,814",3.4,51.1
19105,10.2,"20,524",5.3,17.2
19107,13.3,"10,313",5.1,13.4
19109,9.8,"15,277",3.6,18.3
19111,16.2,"35,386",7.3,15.8
19113,9.7,"216,087",5.0,31.2
19115,11.3,"11,294",5.1,13.5
19117,15.1,"8,735",4.7,11.3
19119,7.6,"11,692",2.9,17.6
19121,8.4,"15,463",5.1,21.5
19123,14.0,"22,412",4.8,21.5
19125,9.3,"33,196",4.5,25.0
19127,13.4,"41,022",6.1,19.3
19129,10.0,"14,910",4.4,24.0
19131,10.2,"10,724",4.3,15.7
19133,12.5,"9,104",5.8,14.3
19135,12.6,"7,992",5.7,19.3
19137,15.0,"10,421",4.9,15.1
19139,12.7,"42,918",5.2,16.2
19141,9.4,"14,047",3.7,18.9
19143,9.1,"6,222",3.8,15.6
19145,17.3,"15,577",5.3,17.4
19147,10.8,"9,170",3.8,16.5
19149,8.3,"24,924",4.0,20.9
19151,11.5,"7,154",3.8,17.8
19153,12.4,"451,822",4.8,34.9
19155,13.6,"92,846",4.6,19.1
19157,12.0,"18,634",4.7,24.1
19159,16.4,"5,046",4.3,17.6
19161,10.6,"10,049",4.2,19.1
19163,14.2,"170,553",5.6,31.6
19165,9.4,"11,944",3.8,18.2
19167,8.2,"34,524",3.5,23.4
19169,21.1,"93,410",3.3,47.7
19171,11.5,"17,523",5.6,16.1
19173,14.1,"6,187",3.8,13.8
19175,13.5,"12,599",4.9,16.5
19177,16.2,"7,440",5.6,14.4
19179,19.9,"35,373",6.4,16.2
19181,7.0,"47,399",4.5,26.7
19183,9.3,"22,015",3.8,20.8
19185,14.2,"6,416",5.2,14.1
19187,15.9,"37,216",5.4,19.2
19189,11.1,"10,494",4.8,18.6
19191,10.9,"20,879",4.7,26.5
19193,16.5,"102,278",4.8,20.3
19195,10.9,"7,541",5.2,16.3
19197,10.6,"12,963",4.5,16.0
20000,13.9,"2,895,801",5.3,30.3
20001,17.5,"13,098",6.1,16.1
20003,15.4,"7,858",5.8,19.0
20005,17.9,"16,717",8.5,21.6
20007,12.7,"4,938",4.0,19.8
20009,15.0,"27,510",4.1,18.3
20011,19.4,"14,826",6.4,22.0
20013,14.7,"9,949",5.0,18.2
20015,11.3,"65,884",5.6,26.7
20017,11.6,"2,708",5.7,23.6
20019,15.8,"3,553",6.2,16.3
20021,18.9,"20,933",6.3,14.9
20023,12.5,"2,682",3.4,21.7
20025,12.3,"2,201",3.1,26.2
20027,11.9,"8,390",5.1,20.7
20029,14.3,"9,365",4.4,16.6
20031,10.8,"8,415",5.9,19.9
20033,11.3,"1,924",3.5,23.9
20035,18.3,"36,230",5.8,20.0
20037,22.2,"39,330",5.9,27.2
20039,13.8,"2,915",4.0,19.9
20041,10.9,"19,521",5.9,18.5
20043,14.3,"7,859",5.5,17.5
20045,16.6,"114,803",4.8,49.6
20047,11.8,"2,957",3.7,22.3
20049,18.2,"2,650",5.6,18.0
20051,14.4,"29,060",3.2,32.3
20053,11.4,"6,390",3.4,20.8
20055,16.8,"37,131",4.3,17.9
20057,14.0,"34,950",4.0,16.7
20059,14.1,"25,790",6.2,20.2
20061,15.8,"36,987",8.4,20.8
20063,10.5,"2,765",3.4,20.3
20065,13.3,"2,598",4.2,22.9
20067,11.7,"7,869",3.6,17.8
20069,9.4,"6,007",3.0,20.2
20071,10.0,"1,286",2.4,21.9
20073,15.7,"6,404",5.4,16.5
20075,13.8,"2,606",2.9,12.6
20077,14.9,"5,859",4.1,16.9
20079,11.3,"34,803",4.9,26.3
20081,11.5,"4,136",2.9,17.7
20083,9.7,"1,951",3.9,22.6
20085,10.4,"13,373",5.1,17.7
20087,10.1,"18,824",5.8,21.3
20089,13.7,"3,067",3.7,14.7
20091,6.1,"567,326",4.3,51.7
20093,12.2,"3,904",3.6,17.2
20095,12.2,"7,837",5.4,19.3
20097,11.5,"2,518",3.4,20.0
20099,16.4,"20,969",7.2,20.4
20101,9.6,"1,720",3.5,22.7
20103,11.2,"78,234",6.0,28.7
20105,13.2,"3,138",4.6,19.7
20107,15.1,"9,531",8.4,14.2
20109,10.1,"2,789",2.8,15.6
20111,21.2,"33,522",7.2,24.1
20113,9.4,"29,606",3.9,25.7
20115,12.8,"12,224",4.7,20.8
20117,10.5,"10,028",3.9,15.0
20119,10.3,"4,304",3.1,23.8
20121,9.4,"32,839",5.6,23.9
20123,12.2,"6,336",2.9,23.8
20125,16.6,"34,396",6.8,17.9
20127,13.0,"5,717",5.5,17.4
20129,11.9,"3,150",4.0,17.5
20131,9.8,"10,140",3.5,19.5
20133,18.7,"16,458",8.2,16.2
20135,10.8,"3,094",3.1,19.0
20137,14.2,"5,642",2.8,15.4
20139,12.7,"16,082",6.7,20.6
20141,15.2,"3,806",4.3,18.0
20143,9.3,"6,071",4.5,21.0
20145,14.5,"6,946",4.4,22.9
20147,12.3,"5,571",4.2,18.3
20149,9.4,"22,670",4.6,29.3
20151,12.4,"9,844",4.0,23.4
20153,12.2,"2,603",2.8,23.3
20155,14.9,"64,155",5.3,19.8
20157,12.8,"4,810",3.4,19.8
20159,13.5,"10,010",4.3,20.9
20161,21.8,"75,905",4.2,45.0
20163,13.8,"5,164",4.2,20.9
20165,12.5,"3,186",4.3,19.4
20167,17.1,"6,929",4.0,21.8
20169,14.4,"55,830",5.0,23.9
20171,8.6,"4,992",2.9,23.4
20173,16.0,"506,121",6.2,28.7
20175,18.2,"23,470",4.1,12.6
20177,16.8,"178,574",5.8,28.6
20179,11.2,"2,531",2.7,22.4
20181,15.4,"6,107",4.0,15.7
20183,12.7,"3,720",3.6,16.7
20185,14.5,"4,350",4.4,19.1
20187,12.5,"2,167",3.7,18.5
20189,10.9,"5,790",3.0,17.6
20191,13.4,"23,614",5.7,17.8
20193,11.1,"8,001",3.5,27.9
20195,10.3,"2,959",3.7,21.5
20197,9.4,"7,041",5.1,20.6
20199,12.4,"1,562",3.3,23.5
20201,10.5,"5,628",3.7,16.1
20203,11.2,"2,186",3.6,16.6
20205,18.4,"9,105",8.6,13.0
20207,17.4,"3,206",6.3,18.2
20209,25.6,"160,601",8.1,15.5
21000,18.8,"4,399,583",8.0,21.5
21001,25.0,"19,135",9.9,13.9
21003,20.6,"20,269",7.6,12.7
21005,11.4,"21,752",6.5,20.4
21007,17.1,"8,282",9.1,13.1
21009,20.7,"43,046",7.7,14.7
21011,26.5,"12,008",10.3,12.0
21013,35.7,"27,905",13.3,10.8
21015,8.7,"124,535",6.6,30.4
21017,16.5,"19,935",7.1,15.8
21019,20.3,"48,963",9.1,16.3
21021,17.2,"29,588",8.9,22.8
21023,16.2,"8,440",9.7,14.2
21025,33.9,"13,567",14.9,9.8
21027,19.2,"20,056",9.0,9.4
21029,10.2,"76,819",7.4,12.7
21031,22.1,"12,826",9.1,8.2
21033,19.0,"12,785",8.0,16.8
21035,22.8,"38,141",7.3,27.7
21037,14.8,"91,385",6.7,28.5
21039,17.5,"4,988",7.1,15.5
21041,21.0,"10,881",9.1,9.5
21043,22.5,"27,291",12.7,10.4
21045,29.7,"16,107",8.6,8.4
21047,18.1,"74,422",9.5,15.1
21049,17.1,"35,607",7.5,19.4
21051,42.8,"21,238",14.3,9.0
21053,27.6,"10,136",10.5,7.0
21055,22.2,"9,222",7.4,11.4
21057,26.2,"6,815",10.7,13.9
21059,15.3,"98,200",6.9,18.8
21061,21.2,"12,082",10.0,9.8
21063,33.1,"7,686",14.5,7.7
21065,28.1,"14,470",9.6,8.3
21067,19.0,"308,411",5.8,40.1
21069,23.2,"14,567",9.5,12.8
21071,30.6,"38,443",13.2,12.8
21073,16.9,"49,661",6.6,26.8
21075,29.2,"6,385",10.8,13.1
21077,16.3,"8,504",9.1,8.8
21079,19.3,"16,883",8.3,15.2
21081,20.1,"24,576",8.2,10.9
21083,19.3,"37,380",8.5,16.9
21085,25.1,"26,033",10.3,9.5
21087,23.1,"11,157",8.2,12.0
21089,19.0,"36,496",9.9,15.7
21091,15.4,"8,686",7.2,11.5
21093,14.4,"108,073",7.6,20.8
21095,30.5,"28,527",18.0,10.6
21097,17.4,"18,532",7.5,14.2
21099,27.9,"18,539",7.8,8.8
21101,19.5,"46,389",7.5,16.4
21103,15.4,"15,431",7.4,12.8
21105,19.8,"4,748",7.2,10.3
21107,17.5,"46,556",7.9,14.2
21109,30.3,"13,376",11.6,8.2
21111,16.1,"757,282",7.6,30.4
21113,15.4,"50,084",6.5,27.4
21115,25.7,"23,464",10.9,10.2
21117,13.4,"163,367",7.0,29.1
21119,28.3,"16,064",15.5,13.0
21121,35.2,"31,837",13.0,10.1
21123,18.3,"14,076",8.0,11.1
21125,22.2,"59,681",9.7,12.6
21127,25.2,"15,832",11.2,10.8
21129,35.1,"7,659",12.6,5.6
21131,29.2,"11,005",17.7,7.3
21133,27.1,"23,513",16.7,11.5
21135,27.0,"13,799",12.2,10.6
21137,23.1,"24,413",10.7,9.6
21139,15.9,"9,368",9.6,11.3
21141,19.7,"26,968",7.1,13.3
21143,17.4,"8,463",8.2,13.3
21145,19.8,"65,380",7.9,22.5
21147,40.7,"17,941",13.1,7.3
21149,18.1,"9,513",7.8,10.3
21151,19.8,"86,181",6.6,28.0
21153,29.0,"12,907",17.6,8.9
21155,18.5,"19,985",8.0,12.5
21157,12.7,"31,173",8.2,15.3
21159,40.5,"12,683",9.9,7.5
21161,20.7,"17,309",9.8,14.8
21163,15.4,"29,246",9.0,12.7
21165,28.3,"6,323",12.1,12.1
21167,16.4,"21,286",7.9,18.9
21169,27.7,"9,963",7.8,8.6
21171,23.8,"10,725",7.2,12.0
21173,20.0,"27,282",8.4,14.6
21175,29.4,"13,349",10.7,11.5
21177,25.1,"31,244",9.3,11.3
21179,14.7,"44,492",7.6,16.6
21181,20.6,"7,022",8.9,13.7
21183,19.1,"23,967",9.0,8.0
21185,6.1,"62,454",5.7,40.1
21187,19.1,"10,634",6.4,15.9
21189,42.0,"4,618",12.7,12.4
21191,16.1,"14,579",8.4,12.4
21193,26.9,"27,986",14.0,13.5
21195,23.0,"63,902",11.8,12.5
21197,29.6,"12,522",10.7,11.9
21199,25.2,"63,688",9.2,15.1
21201,23.4,"2,220",10.6,12.5
21203,25.6,"16,755",9.1,10.9
21205,24.7,"23,524",8.2,23.8
21207,25.5,"17,698",11.4,11.9
21209,10.5,"50,033",6.1,27.9
21211,12.6,"44,259",6.1,23.8
21213,18.5,"17,728",7.5,14.8
21215,9.3,"17,554",6.5,16.6
21217,20.7,"25,190",9.1,15.1
21219,20.5,"12,484",7.5,9.4
21221,18.3,"14,302",8.9,18.4
21223,16.1,"8,842",8.2,16.1
21225,18.7,"15,101",7.7,11.4
21227,18.4,"118,664",6.9,28.4
21229,16.8,"11,912",7.1,15.6
21231,27.5,"20,659",11.9,9.8
21233,17.0,"13,401",7.2,8.4
21235,26.3,"35,586",10.5,13.4
21237,36.4,"7,253",14.2,11.8
21239,11.0,"25,254",5.3,31.6
22000,20.0,"4,629,284",6.7,21.8
22001,19.0,"62,169",6.0,10.2
22003,19.8,"25,635",7.7,11.1
22005,11.1,"114,432",5.6,24.9
22007,18.2,"23,196",8.1,9.7
22009,23.8,"41,327",7.4,9.7
22011,16.6,"36,223",7.4,15.0
22013,23.9,"13,995",8.4,11.1
22015,14.6,"123,848",6.1,25.2
22017,22.0,"255,164",7.9,22.7
22019,16.6,"195,782",6.5,19.9
22021,23.4,"9,933",8.0,8.2
22023,13.3,"6,679",5.4,15.4
22025,24.3,"10,266",8.4,11.2
22027,30.7,"16,702",7.6,12.5
22029,30.6,"20,475",8.7,11.3
22031,23.5,"27,112",8.8,11.3
22033,20.8,"445,279",6.2,34.2
22035,44.8,"7,537",17.0,9.2
22037,20.6,"19,705",7.0,13.0
22039,27.6,"33,746",6.8,11.4
22041,29.1,"20,545",10.1,11.6
22043,21.2,"22,351",7.3,10.2
22045,20.2,"74,030",6.5,13.6
22047,25.7,"33,438",8.4,12.8
22049,21.2,"16,128",6.7,13.8
22051,18.9,"435,524",6.3,23.6
22053,18.0,"31,321",6.2,13.0
22055,15.6,"231,310",5.0,28.3
22057,16.5,"97,325",5.0,14.8
22059,20.9,"14,820",5.0,12.9
22061,32.2,"47,528",8.2,34.4
22063,14.3,"134,238",5.9,17.5
22065,40.8,"11,927",11.1,11.2
22067,27.6,"27,035",12.5,12.9
22069,27.7,"39,140",8.5,21.6
22071,26.6,"379,006",7.4,33.7
22073,23.8,"156,182",7.2,22.9
22075,15.4,"23,620",5.7,15.3
22077,20.2,"22,443",7.6,14.3
22079,19.7,"132,552",6.9,18.3
22081,23.5,"8,871",7.6,11.9
22083,27.5,"20,900",9.4,13.2
22085,21.8,"24,257",6.8,13.0
22087,21.9,"43,380",7.3,12.0
22089,13.8,"52,622",6.3,19.7
22091,25.8,"10,851",11.4,10.3
22093,16.2,"21,700",9.3,13.0
22095,18.5,"43,619",8.4,14.5
22097,27.1,"83,472",7.7,13.2
22099,19.4,"52,946",5.9,13.3
22101,22.3,"53,533",6.6,10.8
22103,11.0,"242,478",5.8,30.1
22105,22.2,"125,508",8.0,19.4
22107,33.3,"4,907",9.4,10.3
22109,15.2,"112,638",5.1,13.4
22111,24.6,"22,436",7.7,13.1
22113,18.6,"59,308",5.6,12.6
22115,17.3,"52,828",8.7,18.8
22117,25.4,"46,384",8.4,11.2
22119,23.7,"40,701",9.2,13.6
22121,16.4,"24,555",6.2,18.0
22123,23.4,"11,467",12.8,9.5
22125,24.4,"15,468",6.1,18.8
22127,27.3,"14,787",8.0,11.3
23000,14.0,"1,328,702",6.6,27.9
23001,16.5,"107,391",6.6,18.8
23003,16.4,"70,039",8.5,16.7
23005,12.1,"285,866",5.3,41.0
23007,15.5,"30,519",7.7,23.7
23009,14.3,"54,790",7.9,33.0
23011,14.8,"121,056",6.2,24.6
23013,14.1,"39,588",5.9,30.4
23015,13.3,"34,170",6.7,33.1
23017,15.0,"57,290",8.3,18.9
23019,15.9,"153,479",6.9,23.8
23021,17.6,"17,176",8.9,16.4
23023,12.1,"35,034",5.6,32.3
23025,17.8,"51,680",9.1,15.4
23027,16.8,"38,975",7.1,28.2
23029,18.8,"32,186",9.4,20.0
23031,10.0,"199,463",6.3,28.8
24000,10.2,"5,938,737",6.6,36.8
24001,18.6,"73,531",8.2,16.8
24003,7.3,"556,348",5.8,37.1
24005,9.5,"823,883",7.0,35.7
24009,6.9,"90,480",5.9,30.0
24011,16.7,"32,642",7.0,15.0
24013,6.8,"167,494",5.6,32.7
24015,9.8,"101,999",7.7,22.2
24017,8.0,"152,900",6.4,26.7
24019,17.7,"32,612",9.9,18.0
24021,6.9,"241,414",5.8,38.2
24023,15.9,"29,950",7.8,18.3
24025,7.4,"249,415",6.6,32.7
24027,5.3,"304,934",4.9,60.0
24029,14.9,"19,799",7.2,29.6
24031,7.0,"1,019,767",5.0,57.1
24033,9.9,"894,199",6.7,29.8
24035,8.4,"48,572",5.9,33.2
24037,8.2,"109,484",6.0,29.5
24039,28.5,"26,139",10.8,14.2
24041,10.9,"37,949",6.6,33.3
24043,12.0,"149,266",7.5,19.5
24045,16.5,"100,961",8.6,26.3
24047,13.1,"51,595",12.4,27.6
24510,22.7,"623,404",9.9,26.8
25000,11.9,"6,708,874",6.7,39.4
25001,9.6,"214,836",8.0,39.1
25003,12.8,"129,489",7.3,30.3
25005,14.1,"552,167",8.7,25.3
25007,9.0,"17,190",9.0,40.7
25009,11.6,"764,093",7.0,36.6
25011,12.6,"71,155",6.1,34.0
25013,17.9,"467,414",9.1,24.5
25015,13.1,"160,970",5.8,42.3
25017,8.7,"1,558,131",5.5,50.7
25019,8.8,"10,568",7.2,44.0
25021,6.9,"688,709",5.8,49.2
25023,8.0,"503,636",7.0,33.5
25025,20.4,"760,093",6.3,40.4
25027,13.0,"810,423",7.3,33.8
26000,17.0,"9,898,193",8.9,25.9
26001,16.4,"10,577",13.5,13.0
26003,15.8,"9,515",11.8,17.1
26005,13.3,"112,485",6.8,20.2
26007,17.9,"29,081",9.7,16.0
26009,14.0,"23,289",11.5,23.8
26011,18.2,"15,451",13.1,11.4
26013,16.6,"8,688",14.6,12.0
26015,11.2,"59,131",6.5,17.7
26017,16.9,"106,936",8.8,18.2
26019,13.1,"17,406",10.4,24.9
26021,16.9,"155,321",8.8,24.2
26023,16.9,"43,472",8.5,13.4
26025,18.7,"134,830",7.9,19.5
26027,17.2,"51,682",8.3,16.2
26029,14.9,"26,115",10.8,27.0
26031,18.7,"25,635",11.6,16.3
26033,16.6,"38,679",10.7,18.5
26035,24.1,"30,553",11.8,11.1
26037,9.8,"77,106",6.1,28.2
26039,17.6,"13,908",11.5,15.2
26041,16.1,"36,819",10.2,18.2
26043,15.3,"26,057",8.3,20.0
26045,11.5,"108,243",6.8,24.6
26047,11.3,"33,067",11.9,31.8
26049,21.7,"415,623",9.8,18.9
26051,21.0,"25,514",11.8,11.8
26053,23.0,"15,900",10.9,18.3
26055,11.6,"90,024",7.7,30.4
26057,19.5,"42,034",9.1,14.0
26059,18.2,"46,115",9.1,15.3
26061,21.9,"36,729",9.0,28.9
26063,15.7,"32,264",8.5,13.7
26065,22.4,"282,999",7.7,36.5
26067,13.3,"63,996",8.1,14.0
26069,19.9,"25,385",11.6,14.0
26071,15.2,"11,530",10.2,18.4
26073,28.8,"70,424",7.3,25.3
26075,18.9,"159,909",8.4,18.8
26077,17.7,"257,211",6.9,34.0
26079,17.9,"17,274",11.3,12.1
26081,14.8,"622,396",6.3,31.7
26083,14.0,"2,181",13.4,23.9
26085,31.0,"11,372",13.4,8.4
26087,11.1,"88,257",11.6,17.0
26089,10.2,"21,747",7.8,39.2
26091,16.0,"99,048",8.0,19.3
26093,6.4,"184,392",7.8,32.9
26095,23.4,"6,520",10.5,12.7
26097,14.6,"11,072",12.3,18.5
26099,13.4,"854,997",9.6,22.5
26101,17.9,"24,444",10.7,19.1
26103,15.4,"67,663",8.3,29.1
26105,15.7,"28,665",9.2,19.8
26107,23.6,"43,218",10.0,21.6
26109,16.2,"23,835",7.8,14.4
26111,14.7,"83,593",7.8,32.3
26113,15.6,"15,092",9.5,13.0
26115,12.5,"150,179",7.5,18.0
26117,18.8,"62,843",9.7,13.4
26119,20.4,"9,368",16.2,9.9
26121,20.4,"172,246",9.8,17.2
26123,17.2,"47,944",9.0,12.9
26125,10.2,"1,231,820",8.0,43.1
26127,18.3,"26,195",12.5,15.0
26129,22.2,"21,219",11.8,11.3
26131,16.4,"6,312",14.0,15.3
26133,22.4,"23,237",10.1,12.6
26135,19.9,"8,388",15.8,10.4
26137,13.6,"24,133",10.5,19.8
26139,11.3,"272,877",6.2,30.0
26141,15.6,"13,044",14.9,16.3
26143,22.2,"23,930",14.0,12.9
26145,18.7,"196,660",9.1,19.1
26147,15.8,"160,225",11.7,16.3
26149,17.4,"60,841",7.8,14.5
26151,15.8,"41,863",10.6,11.4
26153,18.0,"8,246",13.0,12.4
26155,15.9,"68,916",9.5,14.2
26157,16.6,"54,210",10.6,12.7
26159,17.8,"75,346",10.1,17.9
26161,16.3,"354,418",5.9,51.3
26163,25.1,"1,775,703",11.6,21.3
26165,19.8,"32,561",11.2,16.8
27000,11.2,"5,422,060",4.9,32.6
27001,13.3,"15,774",7.3,14.7
27003,7.6,"339,229",5.0,26.9
27005,13.5,"33,224",5.4,21.3
27007,20.2,"45,582",6.2,26.9
27009,11.9,"39,250",5.9,20.3
27011,12.8,"5,124",5.4,17.6
27013,17.0,"64,835",4.1,30.5
27015,9.6,"25,293",5.2,20.9
27017,12.1,"35,383",6.0,21.3
27019,4.9,"95,644",4.3,44.5
27021,15.3,"28,527",8.1,19.6
27023,11.1,"12,132",5.1,17.3
27025,6.8,"53,789",5.6,21.0
27027,12.4,"60,646",4.3,30.3
27029,16.4,"8,781",10.7,13.3
27031,10.1,"5,184",5.8,37.4
27033,14.5,"11,662",5.8,17.2
27035,11.3,"63,125",6.8,22.5
27037,8.4,"408,829",4.5,38.7
27039,7.3,"20,319",4.7,23.6
27041,10.4,"36,563",4.4,23.6
27043,11.5,"14,191",5.4,16.9
27045,10.7,"20,825",5.0,18.4
27047,10.5,"30,972",5.0,14.8
27049,9.3,"46,416",4.7,22.9
27051,10.7,"5,986",5.7,18.3
27053,12.2,"1,200,060",4.6,45.8
27055,10.4,"18,826",5.0,22.7
27057,13.4,"20,680",7.2,23.6
27059,8.4,"38,174",6.0,16.5
27061,13.1,"45,506",7.5,21.4
27063,9.6,"10,268",4.1,17.7
27065,14.2,"16,010",8.2,13.1
27067,11.9,"42,403",4.7,20.7
27069,10.1,"4,489",6.0,20.7
27071,16.9,"13,117",8.2,17.2
27073,10.5,"7,010",5.6,17.6
27075,11.1,"10,778",6.2,21.5
27077,12.4,"3,931",5.6,13.8
27079,8.9,"27,678",6.1,22.3
27081,11.4,"5,792",4.6,18.9
27083,12.8,"25,674",4.1,26.9
27085,8.8,"35,953",5.6,17.7
27087,24.3,"5,485",5.7,13.3
27089,9.2,"9,443",7.6,17.5
27091,11.6,"20,418",5.2,18.5
27093,9.4,"23,079",5.5,17.7
27095,12.1,"25,884",7.5,15.0
27097,12.2,"32,884",6.7,16.0
27099,13.7,"39,318",4.5,16.6
27101,9.6,"8,554",5.3,16.5
27103,11.4,"32,883",3.7,32.1
27105,14.2,"21,719",4.0,14.5
27107,13.6,"6,662",5.7,14.3
27109,8.3,"149,232",4.0,40.1
27111,11.8,"57,591",5.2,22.4
27113,10.7,"14,105",6.2,16.1
27115,15.7,"29,083",6.9,13.5
27117,12.4,"9,282",4.6,16.8
27119,13.3,"31,703",5.3,21.9
27121,11.0,"10,932",4.2,20.5
27123,16.2,"527,667",4.9,39.4
27125,11.2,"4,063",6.7,16.0
27127,10.2,"15,712",5.5,16.4
27129,11.8,"15,134",6.4,14.6
27131,11.6,"64,854",4.9,27.7
27133,10.5,"9,547",3.2,17.9
27135,8.7,"15,497",4.4,17.9
27137,16.5,"200,763",6.0,26.1
27139,5.9,"137,603",4.4,38.0
27141,6.5,"90,197",5.3,25.1
27143,9.8,"15,058",5.4,14.5
27145,12.7,"152,098",4.9,24.6
27147,10.7,"36,429",4.5,24.9
27149,14.0,"9,761",3.7,27.5
27151,10.3,"9,535",5.8,17.0
27153,13.5,"24,417",5.3,12.6
27155,11.9,"3,410",5.0,15.1
27157,9.4,"21,462",4.6,20.0
27159,15.5,"13,782",6.9,13.6
27161,10.3,"19,101",5.5,18.8
27163,5.8,"246,683",4.4,40.5
27165,11.2,"11,123",5.2,15.9
27167,11.0,"6,550",4.1,16.5
27169,14.4,"51,262",4.3,26.8
27171,7.1,"128,298",5.0,26.5
27173,10.8,"10,163",4.9,17.4
28000,23.9,"2,992,206",8.7,20.1
28001,30.9,"32,043",9.4,17.5
28003,24.8,"37,364",8.0,17.4
28005,24.1,"12,895",9.3,11.6
28007,26.7,"19,338",9.5,16.0
28009,27.8,"8,506",10.6,9.9
28011,37.7,"34,019",10.8,21.2
28013,25.8,"14,739",8.8,9.5
28015,18.7,"10,353",10.4,12.3
28017,24.4,"17,317",10.9,10.0
28019,25.9,"8,390",8.6,12.6
28021,40.9,"9,177",17.2,18.6
28023,21.8,"16,389",10.1,11.7
28025,31.0,"20,395",15.6,17.9
28027,39.5,"25,165",13.1,17.5
28029,29.6,"28,795",10.7,13.5
28031,28.2,"19,426",7.9,14.2
28033,12.0,"168,364",6.0,21.6
28035,28.0,"76,745",8.5,27.0
28037,23.1,"7,901",9.4,11.3
28039,18.8,"23,154",9.6,10.3
28041,23.7,"14,241",10.4,7.8
28043,25.2,"21,552",9.0,14.7
28045,20.2,"45,587",8.0,22.0
28047,22.7,"196,597",7.8,20.7
28049,29.7,"245,616",8.5,27.4
28051,45.7,"18,746",16.9,12.7
28053,48.3,"8,918",17.4,10.9
28055,42.5,"1,416",20.2,5.3
28057,19.4,"23,461",8.2,13.5
28059,16.4,"140,274",9.1,19.6
28061,24.2,"16,517",10.0,12.9
28063,35.4,"7,632",19.4,19.9
28065,30.1,"11,948",12.6,14.4
28067,21.6,"68,886",7.1,16.8
28069,30.4,"10,276",13.1,10.4
28071,27.8,"51,993",7.2,37.2
28073,16.4,"58,983",6.0,33.1
28075,26.2,"80,332",8.5,18.9
28077,20.2,"12,512",9.5,12.9
28079,27.9,"23,309",8.8,10.7
28081,18.0,"85,440",8.3,21.8
28083,44.8,"31,592",14.5,19.0
28085,26.9,"34,750",7.9,16.8
28087,23.5,"59,901",9.5,21.4
28089,12.7,"100,241",6.0,45.8
28091,27.5,"26,173",9.6,13.2
28093,23.4,"36,520",10.3,11.2
28095,22.8,"36,112",12.0,13.1
28097,23.7,"10,550",11.5,13.1
28099,24.9,"29,461",7.8,12.6
28101,22.1,"21,709",7.6,14.7
28103,38.6,"11,069",13.5,11.2
28105,31.2,"49,284",8.2,42.6
28107,25.9,"34,439",12.1,14.3
28109,23.4,"54,957",7.7,13.2
28111,24.0,"12,118",10.4,8.2
28113,28.9,"40,015",10.0,15.8
28115,16.3,"30,770",7.5,12.0
28117,21.1,"25,426",8.7,11.4
28119,43.5,"7,824",15.0,13.7
28121,11.6,"147,135",5.3,28.5
28123,27.2,"28,241",6.7,9.6
28125,38.5,"4,684",13.3,21.1
28127,26.9,"27,477",7.5,14.7
28129,20.4,"16,216",7.0,13.2
28131,22.4,"17,962",9.5,13.6
28133,37.8,"28,003",14.1,13.0
28135,36.2,"15,051",11.2,8.5
28137,19.4,"28,349",9.1,15.4
28139,24.4,"22,086",10.0,10.3
28141,18.8,"19,461",9.4,11.3
28143,32.2,"10,512",12.6,15.4
28145,18.8,"27,745",7.4,14.8
28147,25.0,"14,903",10.8,12.6
28149,26.2,"48,286",9.3,24.7
28151,34.8,"49,638",14.7,18.7
28153,25.7,"20,508",10.9,10.2
28155,22.9,"9,949",9.9,19.0
28157,35.2,"9,338",12.5,11.8
28159,29.5,"18,727",11.3,15.8
28161,26.9,"12,358",10.2,13.2
28163,41.8,"27,955",11.2,11.9
29000,15.8,"6,044,917",6.7,26.2
29001,24.9,"25,713",6.6,27.6
29003,10.1,"17,420",5.3,22.0
29005,13.2,"5,433",5.8,21.3
29007,19.7,"25,635",6.3,13.1
29009,20.2,"35,660",6.8,13.3
29011,18.5,"12,247",7.3,16.9
29013,21.6,"16,531",7.6,11.9
29015,23.1,"18,895",8.3,10.8
29017,19.6,"12,444",7.1,10.9
29019,19.8,"170,929",4.5,47.3
29021,17.8,"89,738",6.2,20.1
29023,22.0,"42,992",7.7,14.4
29025,15.3,"9,075",6.7,13.5
29027,13.8,"44,535",6.0,21.1
29029,18.0,"43,839",9.1,20.8
29031,15.8,"77,530",5.8,27.4
29033,17.7,"9,121",7.2,15.6
29035,23.7,"6,304",9.3,13.8
29037,9.2,"100,744",6.3,23.3
29039,25.5,"13,947",7.0,14.6
29041,16.8,"7,664",6.2,11.7
29043,11.4,"80,803",5.5,25.9
29045,17.5,"6,923",7.8,12.0
29047,10.0,"230,706",6.1,30.6
29049,11.5,"20,503",6.7,17.1
29051,13.7,"76,649",5.2,30.8
29053,15.5,"17,650",6.9,18.4
29055,20.1,"24,554",8.3,13.2
29057,18.4,"7,559",6.8,13.2
29059,21.7,"16,504",8.5,14.1
29061,18.9,"8,277",6.2,16.4
29063,17.2,"12,762",6.0,9.5
29065,23.0,"15,766",7.0,11.4
29067,22.5,"13,463",9.2,10.5
29069,27.0,"31,692",9.6,11.4
29071,10.8,"101,757",7.2,17.9
29073,15.8,"14,899",6.3,15.4
29075,16.1,"6,783",5.2,15.3
29077,20.2,"283,970",5.5,28.3
29079,21.4,"10,366",5.8,14.9
29081,19.0,"8,736",7.3,9.6
29083,18.4,"22,061",7.1,14.4
29085,24.7,"9,274",9.9,10.4
29087,13.1,"4,571",5.4,16.2
29089,15.9,"10,260",6.4,22.7
29091,27.6,"40,298",7.6,15.4
29093,22.0,"10,344",10.7,11.0
29095,17.2,"680,082",7.7,27.6
29097,18.3,"116,424",5.8,20.2
29099,11.5,"221,245",6.8,17.4
29101,17.7,"54,482",7.1,25.6
29103,21.3,"4,070",5.4,14.8
29105,22.1,"35,640",9.6,12.9
29107,12.7,"32,898",6.5,17.0
29109,18.6,"38,095",6.6,15.4
29111,17.5,"10,145",5.5,12.5
29113,11.9,"53,878",7.6,14.2
29115,19.6,"12,349",8.6,12.7
29117,17.2,"14,870",5.6,17.5
29119,20.7,"22,600",6.4,10.5
29121,18.8,"15,512",6.5,15.3
29123,21.4,"12,398",7.4,7.7
29125,17.5,"9,065",6.5,16.5
29127,16.8,"28,901",6.0,18.5
29129,17.6,"3,689",5.4,12.9
29131,20.5,"25,066",8.7,14.5
29133,36.3,"14,251",7.9,9.8
29135,14.1,"15,750",6.4,18.1
29137,15.7,"8,754",7.4,13.1
29139,15.3,"11,940",7.2,12.1
29141,22.0,"20,232",9.3,12.7
29143,23.7,"18,368",7.8,12.3
29145,16.1,"58,785",6.0,18.1
29147,18.5,"23,229",6.2,23.4
29149,26.4,"10,989",7.8,9.8
29151,10.1,"13,704",5.0,15.4
29153,26.2,"9,550",9.9,12.5
29155,31.4,"17,816",10.0,10.0
29157,12.7,"19,118",5.4,14.6
29159,20.1,"42,199",6.6,15.2
29161,16.4,"44,936",6.8,27.2
29163,19.8,"18,633",6.5,10.3
29165,7.7,"93,253",5.7,39.2
29167,20.0,"31,073",7.1,18.3
29169,15.1,"53,743",7.9,21.4
29171,17.9,"4,874",5.9,13.7
29173,11.4,"10,172",5.8,13.3
29175,22.4,"24,954",7.9,13.6
29177,13.2,"23,028",7.8,13.9
29179,23.3,"6,603",9.3,6.7
29181,23.6,"14,033",8.9,10.7
29183,6.4,"373,900",5.3,35.1
29185,26.4,"9,509",7.7,12.1
29186,12.3,"17,934",7.2,10.7
29187,20.7,"66,199",8.5,14.3
29189,10.9,"1,001,491",6.2,40.6
29195,18.4,"23,258",6.0,17.2
29197,21.2,"4,359",7.5,9.8
29199,17.6,"4,916",5.3,17.0
29201,18.4,"39,221",7.1,14.6
29203,31.5,"8,285",9.5,11.2
29205,17.2,"6,156",5.6,12.7
29207,16.3,"29,774",8.5,13.3
29209,16.1,"31,351",10.4,15.2
29211,16.5,"6,448",6.5,12.0
29213,19.7,"53,508",10.4,18.6
29215,25.4,"25,637",8.0,12.0
29217,21.5,"20,967",5.9,13.2
29219,11.7,"33,010",6.9,16.0
29221,26.2,"25,137",9.7,8.4
29223,26.3,"13,421",8.1,10.3
29225,19.5,"36,502",6.7,15.0
29227,15.0,"2,086",4.1,15.6
29229,29.1,"18,430",8.2,11.1
29510,27.2,"318,496",8.5,29.6
30000,16.1,"1,014,864",5.4,28.7
30001,17.1,"9,308",4.7,27.2
30003,27.6,"13,134",14.0,15.5
30005,28.2,"6,582",6.1,15.9
30007,13.3,"5,687",6.5,19.4
30009,12.6,"10,305",4.5,27.6
30011,15.5,"1,169",3.1,16.4
30013,15.7,"82,404",5.1,24.6
30015,21.8,"5,861",3.7,22.9
30017,12.8,"11,936",3.4,19.7
30019,9.3,"1,783",3.2,22.9
30021,11.9,"9,400",3.2,18.1
30023,17.7,"9,287",5.0,18.1
30025,7.8,"3,056",2.0,16.1
30027,14.4,"11,522",4.9,25.5
30029,16.7,"93,125",7.7,28.4
30031,14.0,"94,694",4.1,46.0
30033,17.3,"1,282",3.1,13.0
30035,31.0,"13,801",10.1,18.4
30037,19.6,857,5.0,20.3
30039,15.9,"3,130",7.8,26.5
30041,18.5,"16,604",6.6,22.6
30043,10.5,"11,505",4.9,33.5
30045,14.3,"2,011",4.9,29.7
30047,20.3,"29,023",6.7,24.8
30049,12.6,"65,333",4.4,37.5
30051,23.0,"2,373",3.5,20.6
30053,17.6,"19,403",13.0,18.3
30055,15.5,"1,704",2.4,18.6
30057,12.2,"7,694",5.5,32.7
30059,19.6,"1,912",5.2,17.4
30061,18.1,"4,271",10.1,12.1
30063,17.4,"111,769",5.2,39.1
30065,17.0,"4,625",5.0,13.6
30067,13.8,"15,660",6.3,33.6
30069,14.8,505,4.7,15.4
30071,18.1,"4,179",5.9,15.9
30073,20.1,"6,258",4.9,20.5
30075,12.4,"1,751",3.3,19.9
30077,20.0,"6,965",5.7,17.8
30079,12.7,"1,176",4.6,16.9
30081,19.8,"40,824",6.8,24.5
30083,7.7,"11,187",2.6,17.7
30085,26.6,"11,124",5.6,13.7
30087,19.5,"9,336",6.4,22.3
30089,21.9,"11,348",10.5,16.7
30091,10.4,"3,658",2.8,23.4
30093,20.0,"34,512",5.5,22.2
30095,9.5,"9,310",4.0,22.1
30097,12.2,"3,662",3.7,27.1
30099,15.1,"6,075",4.3,24.5
30101,16.9,"5,149",3.9,14.6
30103,11.3,699,4.5,21.3
30105,13.3,"7,619",3.8,17.1
30107,19.7,"2,131",6.2,19.2
30109,11.0,"1,126",3.4,19.6
30111,12.9,"154,060",4.3,28.7
31000,12.9,"1,868,969",3.8,28.5
31001,11.4,"31,581",3.6,20.4
31003,12.8,"6,456",3.2,16.7
31005,9.2,451,8.1,31.7
31007,12.3,777,4.3,15.8
31009,18.0,481,5.1,16.0
31011,9.9,"5,375",3.2,13.8
31013,12.9,"11,310",3.8,17.6
31015,13.9,"2,019",3.5,16.1
31017,13.8,"2,924",3.9,21.8
31019,12.7,"48,058",3.2,31.6
31021,11.7,"6,583",4.8,18.3
31023,9.8,"8,324",3.3,14.1
31025,8.2,"25,381",4.4,23.6
31027,9.4,"8,686",2.9,16.6
31029,9.8,"3,977",2.4,18.2
31031,13.5,"5,779",2.8,21.3
31033,9.9,"10,079",2.8,25.3
31035,11.4,"6,383",3.4,17.6
31037,10.1,"10,406",3.5,14.4
31039,9.8,"9,005",3.1,17.5
31041,13.1,"10,796",2.7,21.0
31043,14.4,"20,944",6.1,11.1
31045,17.5,"9,093",3.6,40.6
31047,14.8,"24,152",3.8,16.0
31049,12.8,"1,934",3.3,21.8
31051,10.2,"5,835",3.9,16.5
31053,11.3,"36,617",4.2,18.7
31055,15.2,"537,529",4.2,36.4
31057,13.6,"1,969",2.8,22.2
31059,9.0,"5,685",3.0,18.2
31061,13.0,"3,091",3.5,17.5
31063,13.4,"2,712",3.4,16.5
31065,14.2,"4,856",3.5,16.8
31067,11.3,"21,816",4.6,20.0
31069,15.9,"1,904",2.7,20.8
31071,12.9,"2,033",3.2,13.8
31073,9.9,"1,974",3.4,18.0
31075,11.1,625,3.3,17.7
31077,13.6,"2,483",3.4,15.0
31079,14.9,"60,923",3.7,17.1
31081,8.8,"9,122",3.1,24.1
31083,12.1,"3,513",3.1,15.3
31085,14.6,973,3.2,19.8
31087,15.0,"2,873",4.0,13.8
31089,13.0,"10,438",3.1,19.0
31091,9.9,732,4.8,24.7
31093,10.9,"6,341",3.6,17.8
31095,12.7,"7,547",3.8,13.5
31097,14.8,"5,129",4.4,12.8
31099,9.2,"6,553",2.8,26.4
31101,13.9,"8,121",3.6,20.4
31103,19.4,797,3.3,17.2
31105,13.6,"3,687",3.4,16.4
31107,15.1,"8,557",3.5,17.0
31109,14.8,"297,285",3.4,36.1
31111,12.6,"36,092",3.7,19.4
31113,10.6,764,3.2,19.9
31115,16.7,581,4.5,12.6
31117,14.9,523,3.8,26.3
31119,12.5,"35,251",3.5,20.8
31121,11.1,"7,801",3.7,17.0
31123,13.4,"4,882",3.2,18.3
31125,12.6,"3,600",3.2,13.2
31127,13.2,"7,178",5.1,24.9
31129,11.6,"4,395",3.3,13.7
31131,9.8,"15,717",4.3,23.2
31133,15.2,"2,726",3.2,11.6
31135,10.0,"2,910",2.5,22.3
31137,8.7,"9,197",3.0,21.7
31139,9.6,"7,164",3.3,18.8
31141,10.2,"32,513",3.4,18.5
31143,8.9,"5,250",3.4,20.3
31145,12.2,"11,023",2.9,19.5
31147,14.4,"8,125",5.0,18.8
31149,15.2,"1,417",3.0,19.1
31151,12.0,"14,298",4.3,15.1
31153,6.3,"169,358",3.6,36.2
31155,8.7,"20,881",4.0,24.4
31157,15.2,"36,870",4.2,20.0
31159,10.2,"17,064",3.6,26.1
31161,16.0,"5,252",3.5,22.6
31163,13.8,"3,110",3.3,17.7
31165,16.5,"1,319",3.5,27.0
31167,8.3,"6,084",3.3,17.7
31169,13.1,"5,196",2.9,16.3
31171,15.5,696,3.7,22.7
31173,30.5,"6,897",7.9,15.8
31175,12.3,"4,197",3.3,17.8
31177,7.7,"20,231",3.7,28.9
31179,13.2,"9,437",3.2,33.1
31181,12.4,"3,675",3.8,17.2
31183,16.0,758,3.2,17.5
31185,9.8,"13,863",3.6,24.9
32000,15.8,"2,791,494",9.5,22.4
32001,13.9,"24,045",9.0,16.8
32003,16.3,"2,029,316",9.6,22.1
32005,10.2,"47,081",9.5,25.7
32007,9.1,"52,531",6.1,16.4
32009,13.8,832,4.8,13.9
32011,8.1,"2,071",6.0,24.7
32013,10.1,"17,369",6.1,12.6
32015,9.8,"6,074",7.1,12.0
32017,14.1,"5,248",9.5,16.3
32019,15.7,"51,400",12.4,16.7
32021,18.3,"4,559",12.6,11.0
32023,18.5,"42,298",11.9,12.3
32027,21.2,"6,862",8.8,10.5
32029,8.2,"3,889",11.5,21.5
32031,15.1,"433,824",9.4,27.3
32033,13.5,"10,034",7.1,13.8
32510,15.4,"54,061",10.3,20.1
33000,9.0,"1,322,616",5.1,33.7
33001,9.3,"60,201",5.0,28.0
33003,10.4,"47,505",5.0,31.2
33005,11.4,"76,399",4.7,30.4
33007,14.8,"31,962",6.2,17.3
33009,11.1,"89,628",4.3,37.7
33011,9.3,"403,398",5.3,35.0
33013,9.1,"147,150",4.6,33.3
33015,5.9,"298,745",5.5,37.2
33017,9.8,"124,642",4.9,31.8
33019,10.4,"42,986",4.2,25.6
34000,11.4,"8,911,502",8.2,35.8
34001,17.1,"276,167",11.6,24.2
34003,8.1,"927,434",6.7,45.9
34005,6.2,"450,141",7.6,34.6
34007,14.7,"512,125",9.2,29.1
34009,10.8,"95,849",14.0,28.7
34011,20.1,"157,153",11.7,14.3
34013,17.7,"792,091",9.6,32.0
34015,9.4,"289,940",8.8,28.4
34017,19.4,"663,906",8.0,36.3
34019,4.1,"126,473",5.8,47.6
34021,11.8,"371,052",7.1,38.8
34023,9.4,"830,815",7.4,40.1
34025,7.8,"629,569",7.4,41.4
34027,4.9,"499,672",6.1,50.0
34029,10.5,"583,412",9.1,25.4
34031,16.6,"506,998",9.9,25.6
34033,15.0,"65,106",10.3,20.4
34035,5.7,"331,297",6.3,51.1
34037,6.1,"145,740",7.8,32.4
34039,11.5,"549,723",8.3,31.8
34041,8.7,"106,839",7.5,29.6
35000,21.4,"2,086,895",6.9,25.8
35001,18.7,"674,883",6.5,32.1
35003,21.7,"3,592",8.0,18.5
35005,21.2,"66,041",6.3,18.4
35006,32.2,"27,483",8.0,10.4
35007,20.1,"13,054",7.0,19.8
35009,21.1,"50,580",5.1,20.4
35011,22.0,"1,891",4.9,17.9
35013,27.0,"213,697",7.5,26.6
35015,15.1,"55,486",4.5,16.7
35017,22.4,"29,310",6.8,24.2
35019,25.8,"4,560",8.6,11.3
35021,15.2,688,5.0,21.4
35023,25.7,"4,626",7.5,14.1
35025,14.8,"68,347",4.5,13.3
35027,18.8,"20,023",6.3,23.6
35028,4.0,"17,831",4.2,63.4
35029,31.2,"24,778",19.2,13.8
35031,40.3,"73,332",9.9,11.2
35033,23.8,"4,673",11.8,9.5
35035,21.3,"65,900",6.3,16.6
35037,25.8,"8,697",6.9,13.2
35039,24.8,"40,088",9.2,16.4
35041,24.6,"19,983",5.5,21.1
35043,15.3,"136,479",7.5,28.3
35045,21.8,"126,448",6.8,15.2
35047,32.4,"28,623",7.9,19.6
35049,18.1,"147,306",5.6,39.7
35051,26.9,"11,571",9.2,21.1
35053,27.9,"17,531",7.3,19.4
35055,26.2,"33,030",10.1,29.5
35057,27.8,"15,713",10.0,14.7
35059,20.1,"4,381",5.1,17.0
35061,23.4,"76,270",8.3,16.6
36000,16.0,"19,695,680",7.7,33.2
36001,13.7,"307,418",6.1,38.8
36003,16.7,"48,060",7.5,18.9
36005,30.7,"1,427,317",11.7,18.1
36007,17.7,"198,203",7.8,26.1
36009,18.9,"78,996",8.4,17.2
36011,14.2,"79,335",7.4,19.6
36013,19.1,"133,115",8.0,20.7
36015,17.0,"88,485",7.9,21.5
36017,16.8,"49,518",7.3,17.1
36019,15.7,"81,773",8.4,22.1
36021,11.8,"62,289",6.0,28.2
36023,14.6,"49,149",7.7,23.5
36025,17.8,"46,885",7.9,19.8
36027,9.5,"297,063",6.6,32.9
36029,15.1,"921,883",7.4,30.9
36031,11.7,"38,857",8.3,23.3
36033,22.4,"51,335",8.8,16.5
36035,15.7,"54,528",9.4,14.9
36037,14.7,"59,422",6.8,20.8
36039,13.9,"48,359",8.6,20.1
36041,12.1,"4,759",9.4,24.2
36043,16.4,"64,246",7.8,20.5
36045,15.7,"119,536",9.3,20.0
36047,23.3,"2,602,373",9.4,30.6
36049,14.8,"27,186",9.5,13.6
36051,15.0,"64,731",7.1,24.4
36053,13.9,"72,521",7.6,25.9
36055,15.5,"750,071",6.9,35.8
36057,17.3,"49,830",9.2,16.0
36059,6.5,"1,355,099",5.9,41.5
36061,19.0,"1,632,005",7.4,58.9
36063,13.8,"214,270",8.4,22.2
36065,17.6,"233,801",7.5,22.4
36067,15.3,"468,843",6.8,33.1
36069,10.0,"109,351",6.3,31.7
36071,13.6,"374,926",6.8,28.7
36073,15.7,"42,384",9.1,16.4
36075,18.6,"121,497",9.8,17.2
36077,17.1,"61,644",6.8,26.8
36079,5.8,"99,643",6.1,38.4
36081,15.4,"2,303,993",7.7,30.0
36083,14.0,"159,653",6.7,28.6
36085,13.1,"472,691",8.7,29.7
36087,14.8,"320,983",6.2,40.4
36089,21.4,"112,019",9.1,20.4
36091,7.9,"224,119",5.8,37.1
36093,14.2,"155,440",6.7,29.0
36095,13.7,"31,849",8.1,19.3
36097,17.9,"18,484",8.6,16.9
36099,13.1,"35,273",6.9,19.2
36101,15.6,"98,951",8.5,20.8
36103,7.5,"1,502,953",6.5,32.9
36105,19.4,"76,999",8.2,20.9
36107,11.7,"50,159",7.2,24.1
36109,18.8,"104,368",5.2,49.3
36111,12.7,"180,848",7.2,29.9
36113,11.3,"65,175",8.1,28.0
36115,15.1,"62,723",7.4,18.3
36117,11.4,"92,388",7.6,20.9
36119,9.9,"969,296",6.3,45.4
36121,11.8,"41,441",7.9,14.6
36123,16.5,"25,169",6.7,23.2
37000,17.8,"9,848,917",7.9,27.3
37001,19.8,"154,685",7.3,21.7
37003,14.0,"37,050",7.7,11.7
37005,21.2,"10,899",8.7,18.3
37007,28.8,"26,000",9.4,10.2
37009,22.4,"27,148",9.1,19.5
37011,20.4,"17,748",8.8,20.4
37013,20.5,"47,429",9.4,18.3
37015,26.6,"20,433",10.0,10.6
37017,27.1,"34,838",11.4,10.5
37019,16.1,"115,262",9.6,25.1
37021,15.7,"247,846",5.9,33.8
37023,20.6,"89,628",8.3,16.6
37025,12.1,"187,661",7.5,25.1
37027,18.3,"81,969",9.5,12.5
37029,9.5,"10,193",7.0,18.8
37031,15.2,"68,516",7.6,23.9
37033,25.5,"23,248",8.8,9.0
37035,16.5,"154,726",8.5,21.0
37037,15.6,"66,766",6.1,36.4
37039,22.5,"27,106",9.1,16.7
37041,22.2,"14,699",9.7,20.1
37043,19.3,"10,618",8.6,20.6
37045,19.6,"97,077",9.4,16.3
37047,25.3,"57,194",10.2,12.2
37049,16.6,"104,455",8.6,21.0
37051,18.0,"326,466",9.5,22.7
37053,11.7,"24,414",7.6,18.4
37055,11.1,"34,919",10.8,30.6
37057,19.3,"163,854",8.1,17.6
37059,13.9,"41,549",7.4,24.9
37061,25.4,"59,593",8.0,10.4
37063,17.0,"288,243",6.2,45.1
37065,27.3,"55,554",12.9,10.5
37067,20.5,"361,521",7.5,31.9
37069,18.4,"62,275",8.0,17.1
37071,19.2,"209,492",8.9,18.0
37073,18.2,"11,675",7.0,11.6
37075,24.7,"8,727",15.1,14.4
37077,15.3,"58,128",7.1,16.4
37079,23.3,"21,214",7.9,11.6
37081,19.2,"506,953",8.2,33.2
37083,31.6,"53,365",11.7,11.8
37085,18.5,"125,137",9.2,18.5
37087,20.4,"59,163",7.6,23.1
37089,15.5,"109,531",6.1,27.7
37091,24.9,"24,440",9.3,15.4
37093,23.2,"51,153",9.6,17.2
37095,22.9,"5,730",11.2,10.7
37097,12.7,"164,676",8.3,23.9
37099,24.2,"40,960",8.5,27.9
37101,16.6,"178,000",7.0,20.4
37103,20.7,"10,220",8.3,11.1
37105,17.9,"59,997",10.1,20.2
37107,21.7,"58,911",8.6,14.0
37109,14.6,"79,451",8.2,19.4
37111,21.9,"44,959",8.9,13.9
37113,20.4,"33,779",9.0,20.5
37115,19.9,"21,121",7.9,18.6
37117,22.6,"23,704",10.3,11.9
37119,15.5,"992,514",7.5,40.7
37121,18.3,"15,318",10.9,16.9
37123,22.1,"27,509",8.2,15.1
37125,14.3,"91,576",7.7,31.3
37127,16.6,"94,560",10.3,19.2
37129,18.9,"213,190",7.5,36.6
37131,29.0,"20,803",9.9,9.4
37133,16.9,"185,669",7.0,18.0
37135,15.5,"139,365",5.3,55.8
37137,19.0,"12,914",8.4,18.7
37139,21.8,"39,761",9.6,20.1
37141,18.3,"55,111",8.9,21.7
37143,20.9,"13,603",9.4,18.4
37145,18.4,"39,248",9.9,14.7
37147,25.4,"174,351",8.0,28.1
37149,14.7,"20,419",6.4,26.9
37151,19.8,"142,456",8.5,13.8
37153,27.3,"46,224",11.5,12.4
37155,30.7,"134,956",11.7,12.5
37157,21.2,"91,905",9.6,12.9
37159,18.8,"138,313",9.1,17.0
37161,23.9,"66,879",11.1,17.0
37163,24.3,"64,098",7.7,12.6
37165,34.1,"36,006",14.9,14.3
37167,17.7,"60,630",8.0,16.0
37169,14.4,"46,587",7.6,13.4
37171,21.3,"73,062",8.3,15.0
37173,23.2,"14,014",12.3,16.3
37175,15.6,"32,925",7.4,27.6
37177,27.2,"4,105",12.4,8.4
37179,10.3,"212,696",6.5,31.8
37181,27.3,"44,730",11.4,11.4
37183,10.9,"975,024",6.0,48.0
37185,27.2,"20,467",10.8,13.5
37187,25.5,"12,765",12.3,11.7
37189,27.3,"52,317",6.4,37.9
37191,20.8,"124,596",7.7,16.4
37193,23.1,"69,012",8.9,12.5
37195,20.9,"81,598",11.6,17.9
37197,18.9,"38,009",7.5,13.1
37199,21.3,"17,564",9.4,17.9
38000,11.6,"723,857",2.9,27.2
38001,10.2,"2,366",2.6,23.2
38003,10.9,"11,162",3.2,26.2
38005,30.2,"6,874",7.7,11.6
38007,8.2,891,2.9,21.6
38009,10.0,"6,733",4.0,20.9
38011,8.0,"3,212",2.0,20.7
38013,9.5,"2,291",2.3,17.4
38015,8.3,"88,709",2.5,33.2
38017,13.2,"163,207",2.8,37.2
38019,8.6,"3,875",3.5,16.4
38021,12.2,"5,231",2.4,23.6
38023,9.0,"2,315",1.5,21.8
38025,9.6,"4,162",1.4,17.9
38027,10.0,"2,406",6.3,20.1
38029,13.9,"3,481",5.5,14.4
38031,8.3,"3,372",3.5,19.6
38033,11.7,"1,815",2.3,18.3
38035,15.1,"69,311",3.0,32.6
38037,15.1,"2,371",3.1,16.4
38039,9.4,"2,292",2.4,14.8
38041,10.5,"2,668",2.8,17.3
38043,13.1,"2,429",5.2,19.4
38045,9.6,"4,133",2.3,21.5
38047,11.9,"1,932",3.2,13.0
38049,11.1,"5,904",4.4,16.3
38051,15.2,"2,764",3.1,18.6
38053,9.9,"9,297",1.5,22.3
38055,10.6,"9,476",4.3,17.5
38057,7.1,"8,596",4.6,20.5
38059,8.3,"28,989",3.3,24.1
38061,11.5,"9,346",1.5,18.3
38063,9.6,"3,079",4.5,21.0
38065,10.4,"1,869",6.0,16.4
38067,8.4,"7,164",6.2,19.2
38069,12.3,"4,392",4.2,12.4
38071,13.0,"11,543",3.8,21.0
38073,8.8,"5,490",3.0,16.5
38075,7.6,"2,616",2.6,17.2
38077,10.6,"16,321",3.4,20.8
38079,29.6,"14,607",12.3,19.9
38081,6.5,"3,880",2.5,17.9
38083,16.5,"1,313",4.6,16.0
38085,37.3,"4,426",4.6,17.7
38087,9.1,761,2.2,22.5
38089,8.7,"28,377",1.7,24.7
38091,7.3,"1,960",2.6,20.3
38093,12.1,"21,090",3.1,23.7
38095,10.5,"2,297",4.1,21.8
38097,9.3,"8,210",2.9,28.9
38099,11.2,"11,106",5.0,18.3
38101,8.9,"67,998",2.7,25.9
38103,10.3,"4,185",4.6,19.3
38105,7.8,"29,563",1.2,19.9
39000,15.9,"11,572,005",7.5,25.2
39001,24.1,"28,126",12.7,10.6
39003,16.1,"105,214",7.9,17.2
39005,12.9,"53,117",8.0,19.3
39007,18.9,"99,779",9.5,12.6
39009,31.0,"64,515",9.0,28.2
39011,9.7,"45,876",5.9,17.1
39013,16.8,"69,545",8.1,14.4
39015,17.8,"44,235",10.0,11.0
39017,13.3,"371,511",7.4,27.4
39019,15.5,"28,271",7.9,11.0
39021,12.0,"39,475",6.9,17.0
39023,18.2,"136,803",7.5,17.6
39025,9.7,"200,254",7.3,25.6
39027,17.3,"41,889",10.4,14.5
39029,17.8,"105,885",8.2,12.6
39031,14.4,"36,700",9.8,12.3
39033,18.2,"42,770",9.2,11.8
39035,19.2,"1,263,837",7.1,29.7
39037,14.6,"52,351",7.0,11.9
39039,11.4,"38,515",7.5,16.5
39041,5.6,"185,202",5.3,50.5
39043,15.0,"76,134",8.1,21.0
39045,11.8,"148,797",6.6,26.0
39047,17.9,"28,799",7.5,13.7
39049,17.7,"1,213,834",6.4,36.4
39051,10.8,"42,418",8.0,16.3
39053,20.3,"30,597",9.6,15.2
39055,7.4,"94,059",5.8,35.9
39057,12.8,"163,465",7.0,36.0
39059,22.6,"39,614",8.6,12.9
39061,18.7,"804,429",7.3,33.7
39063,12.6,"75,712",6.2,25.7
39065,15.7,"31,767",7.7,13.4
39067,16.5,"15,624",7.9,9.2
39069,11.2,"28,061",8.7,13.8
39071,21.2,"43,233",10.4,11.4
39073,16.2,"28,608",8.1,12.7
39075,12.4,"43,635",5.2,8.5
39077,14.6,"58,889",10.3,13.1
39079,21.4,"32,784",10.4,15.2
39081,18.4,"68,007",10.8,14.7
39083,14.5,"60,923",6.9,21.2
39085,9.4,"229,634",6.3,24.9
39087,20.6,"61,918",8.6,14.9
39089,11.2,"168,503",6.9,21.9
39091,13.2,"45,466",6.8,14.8
39093,14.6,"303,006",7.5,22.2
39095,21.6,"436,803",8.7,23.4
39097,12.2,"43,272",6.3,17.6
39099,18.0,"234,336",8.5,20.8
39101,16.3,"65,910",7.9,12.4
39103,6.6,"174,792",5.9,29.6
39105,20.6,"23,470",11.9,12.2
39107,9.4,"40,724",5.1,16.2
39109,10.1,"103,416",7.2,19.7
39111,16.7,"14,601",10.2,10.4
39113,18.8,"534,764",8.3,24.6
39115,22.8,"14,967",10.1,10.5
39117,13.3,"35,038",7.9,14.1
39119,20.6,"85,696",9.2,14.2
39121,17.3,"14,541",9.6,9.7
39123,10.4,"41,160",9.7,20.3
39125,12.3,"19,194",7.6,12.1
39127,17.8,"35,932",9.6,10.2
39129,13.6,"56,466",7.4,16.1
39131,24.3,"28,392",12.2,12.2
39133,16.9,"161,423",7.7,25.1
39135,13.1,"41,728",7.6,11.3
39137,7.2,"34,098",6.0,19.9
39139,17.6,"122,292",8.6,14.9
39141,19.4,"77,364",8.7,13.7
39143,12.9,"60,200",7.5,13.7
39145,24.5,"78,023",11.9,14.2
39147,13.9,"55,756",7.7,15.3
39149,10.0,"49,112",6.7,14.5
39151,15.4,"375,222",7.6,21.1
39153,14.8,"541,787",7.6,29.6
39155,18.7,"206,480",9.1,17.0
39157,14.3,"92,767",7.2,15.2
39159,7.8,"53,380",5.8,27.0
39161,13.3,"28,494",7.0,15.4
39163,22.2,"13,313",10.6,8.5
39165,7.3,"219,578",6.4,37.9
39167,16.3,"61,393",8.4,16.0
39169,13.1,"115,144",6.2,20.0
39171,12.1,"37,485",7.5,12.8
39173,13.0,"129,209",7.0,29.5
39175,11.2,"22,497",6.4,12.0
40000,16.7,"3,853,118",5.3,23.5
40001,30.4,"22,235",9.4,12.7
40003,15.9,"5,817",3.3,21.4
40005,20.8,"13,785",6.9,14.2
40007,10.4,"5,540",3.4,17.9
40009,15.9,"23,548",3.3,16.4
40011,16.8,"9,819",4.1,17.0
40013,19.2,"44,217",5.5,20.1
40015,21.1,"29,487",6.3,13.7
40017,7.3,"126,136",4.2,25.3
40019,17.3,"48,655",5.4,17.1
40021,22.0,"47,973",7.0,24.5
40023,27.3,"15,072",8.4,14.0
40025,17.5,"2,330",3.3,18.5
40027,12.7,"269,890",4.3,31.4
40029,18.1,"5,817",7.6,13.3
40031,20.2,"125,035",5.9,19.9
40033,16.1,"6,153",5.7,14.7
40035,19.9,"14,666",6.6,12.5
40037,14.9,"70,698",6.1,15.3
40039,15.1,"29,295",3.7,27.8
40041,22.0,"41,371",7.0,16.1
40043,12.4,"4,817",3.5,19.5
40045,11.9,"4,140",3.2,23.9
40047,13.7,"62,509",4.2,21.7
40049,19.8,"27,376",5.0,15.4
40051,13.0,"53,635",4.8,16.8
40053,12.4,"4,521",3.4,22.1
40055,21.7,"6,162",5.5,14.4
40057,23.5,"2,869",4.4,17.8
40059,10.1,"3,833",3.4,16.1
40061,22.3,"12,970",8.9,11.4
40063,22.5,"13,746",8.1,10.9
40065,17.3,"26,224",5.4,20.1
40067,21.7,"6,358",5.4,11.2
40069,20.5,"11,026",8.1,17.7
40071,19.6,"45,543",6.9,19.5
40073,10.4,"15,322",3.5,18.2
40075,21.5,"9,376",4.9,17.2
40077,19.2,"10,718",9.0,13.8
40079,24.3,"49,847",9.1,12.9
40081,15.8,"34,339",5.2,12.5
40083,12.8,"44,401",4.6,24.5
40085,14.7,"9,713",4.4,14.4
40087,10.0,"36,516",4.4,20.4
40089,25.4,"33,110",9.4,13.9
40091,18.8,"20,472",9.5,13.0
40093,12.0,"7,673",3.4,16.6
40095,19.2,"15,989",5.8,14.4
40097,20.0,"40,908",5.9,15.3
40099,15.1,"13,709",5.1,19.0
40101,19.9,"70,269",6.5,17.9
40103,13.4,"11,379",4.5,21.5
40105,18.2,"10,539",6.8,13.8
40107,25.3,"12,291",7.1,11.1
40109,17.5,"755,668",4.9,29.6
40111,19.7,"39,451",7.7,13.9
40113,14.0,"47,924",5.9,16.1
40115,22.6,"32,280",8.0,13.9
40117,15.4,"16,527",6.1,17.0
40119,23.0,"79,457",4.5,35.9
40121,18.1,"44,873",7.3,15.3
40123,20.5,"38,073",5.5,28.0
40125,19.0,"71,190",5.5,17.6
40127,24.4,"11,233",8.9,11.6
40129,12.2,"3,741",3.2,19.7
40131,9.2,"89,183",5.2,23.0
40133,23.7,"25,476",8.2,14.1
40135,25.0,"41,307",8.6,13.3
40137,15.9,"44,977",5.5,17.4
40139,13.7,"22,073",4.4,18.8
40141,22.1,"7,681",5.5,16.0
40143,15.7,"622,966",5.2,29.7
40145,11.5,"75,675",5.1,21.6
40147,13.8,"51,567",4.9,25.2
40149,15.6,"11,717",4.2,18.0
40151,14.4,"9,015",3.3,27.1
40153,14.6,"21,225",3.6,17.8
41000,16.5,"3,928,068",7.9,29.7
41001,14.5,"16,096",9.5,20.9
41003,20.8,"85,960",5.8,50.0
41005,9.7,"388,457",7.1,31.8
41007,16.7,"37,121",7.6,23.2
41009,11.8,"49,257",9.5,18.1
41011,19.6,"62,433",10.2,18.0
41013,17.4,"20,790",12.1,14.5
41015,18.7,"22,299",10.6,20.7
41017,15.2,"165,955",9.5,31.0
41019,19.5,"106,810",10.5,16.1
41021,11.9,"1,938",8.8,14.7
41023,18.0,"7,273",12.4,20.5
41025,18.1,"7,152",11.5,15.6
41027,14.8,"22,711",6.3,30.5
41029,18.7,"208,091",9.7,24.8
41031,21.8,"21,827",10.4,17.3
41033,19.4,"83,271",11.1,17.0
41035,18.2,"65,848",10.8,19.7
41037,20.9,"7,837",11.3,18.6
41039,21.1,"355,661",7.9,27.7
41041,20.1,"46,300",8.7,24.4
41043,19.0,"118,644",9.7,16.9
41045,29.4,"30,624",8.5,13.1
41047,18.8,"322,228",8.8,21.2
41049,16.8,"11,266",7.7,9.7
41051,18.2,"766,082",6.8,39.9
41053,18.3,"76,618",8.0,29.0
41055,17.1,"1,718",8.9,16.5
41057,16.6,"25,333",8.1,20.7
41059,17.1,"76,868",8.7,15.5
41061,19.4,"25,539",8.4,22.5
41063,15.1,"6,805",11.0,24.0
41065,17.2,"25,475",7.5,20.1
41067,10.9,"555,547",6.3,39.4
41069,22.6,"1,397",6.4,16.8
41071,14.3,"100,837",7.6,22.5
42000,13.7,"12,781,296",7.4,27.5
42001,9.5,"101,457",5.9,20.4
42003,13.5,"1,232,953",6.6,35.9
42005,14.7,"68,110",7.8,14.6
42007,11.3,"170,060",7.3,21.9
42009,13.5,"49,133",8.5,12.6
42011,14.0,"413,652",7.2,22.3
42013,16.2,"126,379",7.0,18.4
42015,13.5,"62,356",7.3,17.1
42017,6.4,"626,456",6.7,35.8
42019,9.4,"185,369",6.2,30.5
42021,16.2,"138,900",8.8,18.3
42023,14.6,"4,894",9.8,14.2
42025,14.1,"64,690",9.4,15.1
42027,18.4,"157,847",5.3,40.4
42029,7.0,"509,500",5.3,48.5
42031,18.7,"39,092",8.1,18.5
42033,16.5,"81,589",9.0,13.5
42035,14.2,"39,834",9.0,17.0
42037,17.1,"67,139",7.6,20.7
42039,14.4,"87,411",7.2,18.7
42041,8.6,"241,268",5.7,32.5
42043,13.8,"271,017",6.9,28.5
42045,10.9,"561,844",7.2,35.0
42047,9.8,"31,455",6.9,14.9
42049,17.9,"279,760",7.5,24.8
42051,19.2,"134,799",9.5,14.0
42053,24.5,"7,602",10.0,7.8
42055,11.8,"152,191",6.6,19.3
42057,12.5,"14,694",9.1,11.8
42059,16.3,"37,882",7.2,15.5
42061,14.8,"45,871",9.8,13.5
42063,14.7,"88,246",7.7,21.9
42065,15.5,"44,977",8.2,13.2
42067,11.8,"24,790",7.1,11.8
42069,14.8,"213,834",8.4,25.7
42071,10.5,"530,122",6.1,24.2
42073,13.8,"89,306",7.6,19.6
42075,11.2,"135,707",6.2,19.4
42077,14.2,"355,768",7.9,28.1
42079,16.1,"319,862",9.4,21.0
42081,14.0,"116,732",7.9,18.8
42083,19.0,"42,788",8.1,15.1
42085,14.1,"115,313",7.4,20.5
42087,14.5,"46,701",8.1,11.5
42089,12.0,"167,130",9.4,23.8
42091,6.8,"813,832",5.9,45.5
42093,10.3,"18,535",5.5,26.8
42095,10.1,"299,747",7.5,26.6
42097,14.7,"94,138",8.8,14.0
42099,10.2,"45,621",6.7,15.5
42101,26.0,"1,556,052",10.4,23.9
42103,10.4,"56,614",9.7,22.5
42105,15.4,"17,491",9.3,14.6
42107,13.6,"146,798",9.2,14.3
42109,12.0,"40,093",7.0,16.7
42111,12.7,"76,722",9.2,14.5
42113,14.3,"6,352",8.2,14.0
42115,14.4,"42,334",7.1,16.5
42117,13.2,"42,458",8.5,19.1
42119,13.5,"44,719",6.4,21.2
42121,15.8,"53,908",7.8,15.4
42123,14.2,"40,944",6.4,17.9
42125,10.9,"208,194",7.0,25.6
42127,11.8,"51,649",7.7,19.2
42129,10.7,"361,080",7.0,25.3
42131,11.3,"28,142",8.9,17.4
42133,10.8,"439,393",6.8,22.0
44000,14.7,"1,053,354",9.3,31.3
44001,8.2,"49,263",7.7,43.7
44003,8.1,"164,923",8.9,30.0
44005,10.1,"82,457",8.1,44.7
44007,18.6,"630,171",9.8,26.4
44009,9.6,"126,540",8.3,43.5
45000,18.5,"4,771,929",7.6,25.1
45001,20.3,"25,008",9.5,12.2
45003,18.3,"164,294",7.4,24.0
45005,42.4,"9,822",14.1,15.0
45007,16.7,"190,754",7.1,19.3
45009,30.7,"15,440",13.6,17.5
45011,25.0,"22,164",12.2,11.2
45013,14.1,"171,569",6.5,37.6
45015,15.7,"193,881",6.9,21.3
45017,19.7,"15,078",9.6,16.9
45019,17.4,"372,913",5.9,39.4
45021,24.3,"55,743",10.5,14.3
45023,21.6,"32,601",12.3,12.4
45025,26.5,"46,189",9.2,12.6
45027,27.3,"34,211",10.4,13.0
45029,24.0,"37,834",10.0,14.7
45031,28.2,"67,946",9.4,17.0
45033,27.1,"31,255",11.9,8.2
45035,13.3,"145,287",6.6,24.5
45037,19.7,"26,308",7.9,17.2
45039,23.1,"23,143",10.8,15.5
45041,20.1,"138,434",8.3,21.3
45043,21.3,"60,520",10.1,22.7
45045,16.2,"474,223",6.1,31.2
45047,25.6,"69,689",8.7,22.1
45049,27.3,"20,395",9.3,11.4
45051,19.1,"289,527",8.6,22.7
45053,27.2,"26,710",7.0,12.5
45055,16.3,"62,604",7.6,19.3
45057,18.8,"80,520",9.3,18.7
45059,23.0,"66,207",8.5,14.5
45061,32.8,"18,407",11.1,9.1
45063,12.8,"273,604",5.8,28.7
45065,21.9,"9,932",9.9,18.2
45067,30.7,"32,013",13.2,13.6
45069,31.3,"27,999",13.9,8.7
45071,19.8,"37,568",7.3,18.9
45073,16.8,"74,913",7.7,21.7
45075,25.7,"90,726",12.4,18.6
45077,18.7,"119,222",7.2,23.0
45079,18.6,"397,893",6.9,36.1
45081,22.1,"20,100",6.8,12.4
45083,18.7,"290,818",7.7,21.3
45085,20.8,"108,002",8.8,19.2
45087,18.7,"27,982",11.4,12.9
45089,33.4,"33,066",12.6,12.2
45091,12.7,"239,415",7.8,28.5
46000,14.0,"845,510",3.8,26.2
46003,10.8,"2,718",2.7,16.7
46005,16.5,"18,299",3.5,18.6
46007,35.5,"3,451",6.3,15.9
46009,14.9,"7,010",3.2,17.9
46011,13.6,"33,087",3.4,40.2
46013,10.6,"38,162",3.2,26.9
46015,13.9,"5,372",3.4,22.3
46017,41.0,"2,033",9.0,9.1
46019,14.3,"10,325",3.9,16.9
46021,9.8,"1,347",3.6,16.5
46023,24.3,"9,211",4.3,16.6
46025,12.0,"3,628",3.9,18.7
46027,20.8,"13,937",3.7,41.6
46029,10.1,"27,855",3.6,21.9
46031,43.0,"4,230",6.9,13.8
46033,10.8,"8,424",5.1,27.7
46035,12.6,"19,839",3.1,26.1
46037,14.3,"5,617",5.2,16.4
46039,9.2,"4,303",5.5,20.1
46041,28.7,"5,606",15.4,14.8
46043,11.0,"3,017",3.2,16.7
46045,10.9,"4,035",2.8,22.2
46047,14.6,"6,837",5.0,22.4
46049,11.6,"2,380",3.3,18.4
46051,10.5,"7,289",4.2,15.9
46053,17.6,"4,231",3.9,17.0
46055,12.2,"1,888",3.0,20.2
46057,10.3,"5,952",3.5,18.2
46059,9.3,"3,396",2.8,18.3
46061,8.9,"3,407",4.1,22.6
46063,11.7,"1,264",2.8,35.1
46065,10.3,"17,466",2.9,32.0
46067,13.1,"7,170",3.2,25.2
46069,11.0,"1,387",3.3,20.4
46071,30.2,"3,231",6.2,17.4
46073,14.5,"2,058",3.1,15.4
46075,13.4,996,3.5,15.8
46077,9.7,"5,080",3.2,21.3
46079,12.3,"12,078",3.9,27.7
46081,14.9,"24,899",3.9,29.1
46083,4.3,"49,886",2.7,39.4
46085,21.7,"3,881",4.7,19.4
46087,9.6,"5,647",3.2,22.1
46089,14.9,"2,439",3.8,18.4
46091,12.5,"4,745",4.4,19.6
46093,10.6,"26,567",3.8,19.6
46095,32.7,"2,081",7.5,16.8
46097,12.2,"2,335",3.6,21.7
46099,11.0,"179,724",3.3,29.2
46101,10.9,"6,416",4.6,24.1
46103,15.4,"106,372",3.9,27.8
46105,14.4,"3,035",3.7,17.9
46107,10.3,"2,369",3.8,18.5
46109,19.7,"10,305",5.2,16.5
46111,13.1,"2,324",3.0,16.4
46113,55.1,"14,166",13.5,11.8
46115,11.3,"6,599",3.6,19.7
46117,8.8,"2,984",2.7,27.4
46119,6.3,"1,464",2.9,30.9
46121,44.0,"9,977",9.6,12.4
46123,19.6,"5,506",3.4,21.2
46125,10.6,"8,365",3.0,19.4
46127,7.0,"14,804",4.1,32.2
46129,14.5,"5,505",5.4,21.8
46135,13.0,"22,664",3.3,26.4
46137,48.7,"2,835",6.2,14.7
47000,17.8,"6,497,269",7.8,23.8
47001,19.7,"75,494",7.9,23.5
47003,18.6,"45,849",9.0,12.3
47005,21.3,"16,282",9.8,10.3
47007,25.5,"13,786",10.4,9.3
47009,14.9,"125,045",6.9,20.8
47011,18.6,"101,873",7.1,18.5
47013,23.9,"40,195",11.0,9.5
47015,18.3,"13,797",7.6,13.0
47017,19.9,"28,496",11.8,15.4
47019,23.0,"57,331",9.0,15.8
47021,13.3,"39,457",6.6,18.9
47023,19.4,"17,354",8.2,15.5
47025,22.9,"31,593",10.7,13.3
47027,24.8,"7,775",10.7,12.9
47029,24.7,"35,354",10.8,9.5
47031,19.8,"53,316",7.6,18.0
47033,19.3,"14,613",9.2,11.9
47035,18.2,"57,492",9.3,17.4
47037,17.8,"659,042",5.9,35.9
47039,24.1,"11,665",10.5,14.2
47041,21.9,"19,123",9.7,13.3
47043,15.0,"50,183",7.7,14.2
47045,18.7,"38,160",10.4,18.1
47047,14.7,"38,772",8.8,21.5
47049,22.6,"17,919",9.6,11.1
47051,19.0,"41,297",7.2,18.4
47053,18.0,"49,434",11.0,16.5
47055,17.8,"28,783",8.3,14.6
47057,19.0,"22,694",10.0,10.5
47059,19.6,"68,235",9.6,15.5
47061,28.9,"13,466",9.9,10.0
47063,20.5,"63,078",8.9,16.0
47065,16.9,"349,030",7.2,27.2
47067,31.5,"6,662",11.7,9.0
47069,24.7,"26,287",11.0,9.8
47071,24.1,"26,006",10.2,11.2
47073,21.2,"56,831",8.6,12.7
47075,23.1,"18,218",11.7,11.4
47077,19.4,"27,973",10.5,13.1
47079,20.8,"32,171",9.5,16.0
47081,23.2,"24,207",8.3,12.0
47083,20.2,"8,295",10.8,9.7
47085,17.0,"18,245",8.7,12.4
47087,26.3,"11,551",10.1,9.9
47089,16.4,"52,296",9.1,13.6
47091,28.1,"17,977",9.0,9.0
47093,16.3,"444,350",6.3,34.3
47095,39.0,"7,706",10.0,7.0
47097,27.7,"27,571",11.6,10.4
47099,17.9,"41,973",9.9,12.0
47101,21.3,"11,956",10.5,11.7
47103,18.0,"33,596",6.2,15.5
47105,14.2,"50,438",7.7,25.2
47107,16.9,"52,363",9.0,14.3
47109,19.4,"26,160",11.6,11.6
47111,21.3,"22,658",8.1,8.4
47113,21.1,"98,751",8.1,24.6
47115,16.4,"28,353",9.1,15.4
47117,14.6,"31,098",8.2,13.1
47119,13.8,"83,600",7.4,17.4
47121,19.7,"11,650",10.1,8.2
47123,19.7,"45,169",9.8,10.5
47125,14.9,"184,729",7.6,23.5
47127,13.1,"6,313",6.0,14.6
47129,24.0,"21,672",10.1,7.4
47131,20.4,"31,100",11.5,14.2
47133,20.4,"22,039",8.9,12.6
47135,22.2,"7,851",9.4,13.7
47137,19.5,"5,083",9.6,13.0
47139,19.7,"16,664",9.1,11.1
47141,26.7,"73,553",7.9,22.9
47143,19.6,"32,515",10.7,12.6
47145,18.1,"52,971",8.7,17.3
47147,12.1,"67,288",6.7,17.1
47149,12.3,"281,373",6.2,28.3
47151,29.5,"22,009",14.4,10.3
47153,18.1,"14,624",8.4,13.5
47155,16.5,"93,693",8.4,15.0
47157,21.6,"939,365",8.9,29.0
47159,16.9,"19,061",7.6,11.1
47161,17.2,"13,345",10.8,11.7
47163,18.0,"156,694",7.5,20.5
47165,11.0,"169,114",6.1,23.7
47167,14.4,"61,564",9.4,15.1
47169,17.0,"7,806",8.4,12.9
47171,17.6,"18,077",10.3,12.9
47173,22.1,"19,092",9.2,8.2
47175,17.7,"5,561",11.5,10.4
47177,20.3,"39,866",8.6,12.1
47179,17.7,"125,561",7.2,29.3
47181,22.0,"16,946",9.7,7.9
47183,21.0,"34,424",10.3,20.1
47185,19.7,"26,231",9.5,11.0
47187,5.5,"198,975",5.1,52.8
47189,10.8,"122,016",6.3,26.0
48000,17.5,"26,505,637",6.2,26.7
48001,22.4,"57,934",5.8,10.9
48003,11.4,"16,808",3.8,14.2
48005,21.5,"87,613",6.4,15.0
48007,20.7,"24,229",6.5,21.7
48009,10.1,"8,750",5.2,20.0
48011,11.0,"1,957",4.0,24.7
48013,17.8,"47,085",6.2,14.1
48015,13.6,"28,811",5.8,18.6
48017,19.9,"7,080",7.1,11.1
48019,16.2,"20,607",6.0,21.9
48021,18.7,"76,099",6.1,16.3
48023,19.5,"3,605",5.2,24.1
48025,25.1,"32,773",6.5,8.2
48027,15.1,"326,632",6.8,21.7
48029,17.4,"1,822,154",5.8,26.3
48031,12.7,"10,634",4.6,26.8
48033,10.5,639,3.8,32.1
48035,17.0,"17,862",6.4,15.4
48037,21.4,"93,442",7.5,19.0
48039,11.8,"330,670",6.1,27.5
48041,27.6,"204,621",4.9,38.8
48043,14.9,"9,289",5.5,36.1
48045,17.4,"1,544",5.5,17.8
48047,31.9,"7,215",8.6,10.8
48049,18.6,"37,908",6.4,16.0
48051,17.5,"17,163",6.1,11.6
48053,14.9,"44,380",5.4,21.9
48055,17.2,"39,248",6.5,15.7
48057,18.1,"21,785",6.1,15.7
48059,14.3,"13,518",5.6,14.7
48061,32.4,"418,217",9.9,15.4
48063,18.1,"12,422",7.2,15.2
48065,8.5,"5,986",4.4,21.5
48067,21.8,"30,369",9.1,13.0
48069,19.6,"8,012",4.7,12.8
48071,10.5,"37,215",7.2,18.0
48073,23.6,"50,965",6.9,15.1
48075,25.5,"7,063",4.2,18.6
48077,13.0,"10,436",5.5,18.2
48079,23.6,"2,995",6.5,12.4
48081,14.4,"3,215",5.0,17.4
48083,22.8,"8,536",7.4,15.0
48085,7.9,"858,711",5.5,49.3
48087,21.4,"3,087",5.1,18.9
48089,16.9,"20,776",5.7,16.9
48091,10.5,"118,891",5.9,33.3
48093,20.3,"13,591",5.8,18.9
48095,26.9,"4,106",3.9,10.8
48097,15.5,"38,475",4.9,19.5
48099,14.8,"76,471",7.3,15.1
48101,21.9,"1,442",6.7,16.1
48103,10.1,"4,755",4.4,13.6
48105,13.9,"3,772",5.0,11.1
48107,27.3,"5,992",5.9,13.8
48109,24.7,"2,288",5.0,16.5
48111,14.1,"7,047",3.5,10.4
48113,19.5,"2,486,083",6.5,28.6
48115,23.8,"13,273",6.3,9.4
48117,21.5,"19,187",4.4,15.6
48119,19.2,"5,205",6.3,16.2
48121,8.9,"729,152",5.3,40.5
48123,18.5,"20,501",4.7,12.4
48125,23.2,"2,288",9.1,13.5
48127,27.0,"10,939",4.9,9.2
48129,19.7,"3,580",5.0,16.7
48131,25.6,"11,600",6.3,6.8
48133,17.3,"18,253",6.0,16.0
48135,15.3,"149,522",4.3,13.5
48137,23.0,"1,879",5.7,24.2
48139,13.1,"156,198",6.1,20.7
48141,22.7,"831,324",8.0,20.7
48143,21.8,"40,003",5.3,24.3
48145,25.2,"17,292",7.2,10.7
48147,19.0,"33,644",7.1,15.0
48149,11.2,"24,785",4.4,16.8
48151,17.2,"3,838",5.3,15.2
48153,20.5,"6,239",8.7,17.1
48155,17.8,"1,270",5.2,21.8
48157,8.9,"654,561",5.4,41.4
48159,18.3,"10,612",6.4,20.3
48161,16.3,"19,629",6.8,11.7
48163,31.0,"18,172",4.6,6.5
48165,15.1,"18,965",4.1,11.9
48167,14.2,"307,465",6.8,28.5
48169,28.2,"6,405",4.5,9.5
48171,13.0,"25,334",4.4,29.2
48173,9.4,"1,245",3.6,18.8
48175,14.9,"7,469",5.2,14.2
48177,22.0,"20,219",5.1,14.5
48179,14.9,"22,929",5.1,13.5
48181,16.4,"122,343",6.2,19.6
48183,17.0,"123,194",5.9,19.9
48185,19.5,"26,881",5.9,11.1
48187,11.0,"143,191",5.4,24.6
48189,22.3,"35,809",13.2,13.2
48191,21.9,"3,226",7.0,14.1
48193,17.9,"8,262",5.9,17.8
48195,12.3,"5,515",3.2,21.8
48197,18.7,"4,006",5.6,18.6
48199,12.0,"55,421",7.8,15.6
48201,18.4,"4,352,752",6.0,28.4
48203,18.7,"67,185",6.7,17.8
48205,10.1,"6,070",3.1,20.6
48207,23.5,"5,884",4.9,12.2
48209,14.3,"176,483",5.3,36.7
48211,8.1,"4,139",3.0,19.6
48213,21.8,"78,618",7.0,14.4
48215,34.0,"818,942",10.2,15.9
48217,17.9,"34,858",6.4,14.8
48219,17.7,"23,520",5.0,17.4
48221,14.1,"52,897",6.0,24.1
48223,18.7,"35,499",5.7,15.7
48225,24.8,"22,806",6.5,14.8
48227,17.9,"36,277",5.3,12.1
48229,32.0,"3,306",6.8,10.1
48231,17.9,"87,532",7.3,16.6
48233,15.5,"21,832",6.1,13.5
48235,8.8,"1,609",4.2,13.0
48237,17.0,"8,911",5.2,10.7
48239,12.7,"14,607",5.0,17.9
48241,20.8,"35,659",10.3,11.2
48243,13.0,"2,236",4.1,35.3
48245,22.7,"252,814",10.8,17.8
48247,24.0,"5,236",7.0,10.9
48249,22.4,"41,669",6.0,11.1
48251,12.9,"154,952",6.1,16.7
48253,24.7,"20,068",6.6,8.9
48255,23.2,"14,782",5.3,11.2
48257,11.7,"108,521",6.3,17.6
48259,8.5,"37,469",5.0,39.7
48261,18.6,415,4.0,10.6
48263,14.7,801,3.8,23.1
48265,15.9,"49,932",5.5,28.2
48267,21.6,"4,462",4.9,17.6
48269,9.8,273,4.6,20.5
48271,19.3,"3,623",9.1,14.6
48273,23.9,"32,149",6.4,23.6
48275,21.9,"3,777",5.3,12.5
48277,18.3,"49,320",8.0,16.5
48279,20.9,"13,757",6.8,14.0
48281,14.8,"20,179",7.1,19.8
48283,27.5,"7,429",3.7,5.1
48285,12.5,"19,543",4.6,16.3
48287,13.6,"16,587",5.0,15.7
48289,16.7,"16,694",6.8,14.8
48291,20.3,"77,033",8.7,8.8
48293,21.4,"23,422",6.7,12.4
48295,10.8,"3,479",3.9,21.5
48297,17.6,"11,868",4.3,14.3
48299,15.5,"19,406",6.4,25.4
48301,12.6,103,5.3,7.9
48303,17.8,"290,060",4.9,27.9
48305,19.5,"5,708",5.2,17.7
48307,21.2,"8,261",5.2,15.0
48309,20.9,"241,807",6.1,21.7
48311,8.7,772,2.6,6.8
48313,22.9,"13,819",6.4,12.5
48315,24.4,"10,239",7.8,12.2
48317,13.0,"5,291",4.2,10.9
48319,15.2,"4,148",5.4,26.5
48321,20.4,"36,537",9.6,14.5
48323,24.4,"56,510",12.4,12.2
48325,18.0,"47,366",6.0,20.0
48327,23.7,"2,143",5.9,18.8
48329,10.5,"151,949",3.6,24.4
48331,17.4,"24,191",7.6,14.4
48333,17.2,"4,886",5.2,21.9
48335,22.3,"8,998",5.5,8.3
48337,15.9,"19,435",4.9,16.6
48339,11.8,"499,818",5.4,30.7
48341,14.9,"22,223",4.2,13.2
48343,21.0,"12,782",9.4,13.1
48345,19.6,"1,193",6.0,18.1
48347,26.4,"65,190",6.4,24.3
48349,23.3,"48,133",6.5,16.5
48351,19.4,"14,209",10.7,7.5
48353,21.5,"15,077",5.6,12.5
48355,18.2,"352,962",6.1,20.0
48357,10.6,"10,734",3.7,15.3
48359,14.2,"2,100",4.4,31.3
48361,15.1,"82,980",10.2,13.0
48363,17.6,"27,924",6.5,15.1
48365,13.3,"23,825",6.1,11.8
48367,11.8,"120,207",5.5,25.0
48369,14.9,"9,970",3.8,16.2
48371,18.1,"15,724",5.3,12.7
48373,18.3,"45,871",7.7,11.3
48375,22.1,"122,146",5.0,15.6
48377,23.3,"7,264",12.7,23.6
48379,18.0,"11,016",6.1,11.0
48381,11.0,"126,644",4.3,30.2
48383,9.9,"3,627",3.9,10.6
48385,21.6,"3,329",7.5,19.5
48387,19.7,"12,505",9.9,14.5
48389,27.4,"14,077",6.0,10.5
48391,16.1,"7,268",5.3,11.2
48393,8.7,923,4.2,33.2
48395,22.8,"16,461",6.8,15.8
48397,6.6,"85,290",5.7,36.5
48399,18.7,"10,302",5.2,14.9
48401,21.5,"53,973",6.1,13.8
48403,18.0,"10,389",12.8,13.4
48405,23.4,"8,741",11.5,12.4
48407,22.8,"26,804",7.5,12.0
48409,16.2,"66,257",7.1,14.7
48411,22.7,"5,712",5.7,13.1
48413,13.7,"3,197",3.5,21.9
48415,15.0,"17,267",4.1,14.4
48417,14.7,"3,374",3.3,25.4
48419,21.0,"25,865",7.3,13.7
48421,12.6,"3,085",4.0,20.0
48423,16.8,"216,670",6.5,24.5
48425,11.5,"8,624",6.0,29.0
48427,36.3,"62,390",14.8,8.6
48429,19.9,"9,350",5.1,15.6
48431,12.9,"1,230",3.8,22.3
48433,15.8,"1,430",4.6,20.2
48435,13.0,"4,001",4.5,17.9
48437,21.0,"7,761",8.4,16.3
48439,15.2,"1,913,943",6.0,29.5
48441,17.0,"133,866",5.2,24.4
48443,18.6,905,4.8,17.4
48445,22.4,"12,739",5.9,15.5
48447,15.1,"1,598",4.9,19.8
48449,20.8,"32,654",7.3,13.8
48451,14.5,"114,955",5.1,21.6
48453,15.9,"1,122,748",5.0,44.9
48455,20.9,"14,401",7.3,9.9
48457,20.9,"21,453",10.1,11.8
48459,18.1,"39,790",6.3,13.3
48461,13.8,"3,358",4.1,11.5
48463,24.8,"26,916",7.0,14.5
48465,23.9,"49,059",7.3,15.3
48467,16.2,"52,462",6.4,13.5
48469,15.8,"90,123",5.3,16.3
48471,25.5,"69,452",6.5,17.9
48473,19.4,"45,484",6.4,19.0
48475,13.7,"11,245",4.6,12.5
48477,14.2,"34,169",5.4,23.5
48479,30.6,"263,772",6.1,17.2
48481,18.7,"41,215",5.9,14.6
48483,13.1,"5,740",4.3,18.4
48485,19.5,"132,343",5.8,20.1
48487,17.5,"13,154",5.7,16.5
48489,43.1,"21,953",15.6,8.8
48491,7.8,"471,225",5.2,38.0
48493,11.3,"45,438",5.2,18.0
48495,14.5,"7,624",5.2,9.6
48497,11.3,"61,003",5.9,16.1
48499,15.7,"42,570",7.1,17.0
48501,12.6,"8,160",3.8,15.0
48503,18.2,"18,356",5.1,16.7
48505,29.5,"14,356",6.2,8.5
48507,33.4,"12,211",14.3,9.4
49000,12.6,"2,902,787",4.7,30.3
49001,10.6,"6,462",4.7,17.0
49003,10.4,"50,864",4.8,21.2
49005,14.2,"117,326",4.0,36.9
49007,16.1,"20,931",6.4,12.6
49009,7.5,"1,130",5.1,18.8
49011,8.2,"322,754",4.3,34.1
49013,10.5,"20,106",4.3,16.0
49015,13.0,"10,716",6.2,12.5
49017,12.0,"5,065",9.3,20.1
49019,14.8,"9,367",7.9,25.2
49021,19.4,"46,706",5.6,26.4
49023,12.3,"10,327",5.1,14.6
49025,12.3,"7,242",5.4,25.3
49027,13.7,"12,628",4.2,19.0
49029,5.4,"10,198",4.1,33.4
49031,21.8,"1,523",7.6,17.0
49033,11.2,"2,276",4.7,17.0
49035,12.7,"1,080,866",4.5,31.0
49037,27.6,"14,990",8.3,18.4
49039,18.2,"28,243",5.7,20.8
49041,13.7,"20,844",5.5,16.4
49043,7.6,"38,453",4.2,48.7
49045,9.1,"60,718",5.5,20.4
49047,10.8,"35,690",4.4,16.2
49049,13.8,"551,926",4.3,36.5
49051,8.2,"26,563",4.8,33.4
49053,15.4,"147,719",5.6,26.4
49055,15.9,"2,732",11.1,25.2
49057,13.3,"238,422",5.5,22.7
50000,12.3,"626,855",4.4,34.8
50001,10.5,"36,898",4.1,35.6
50003,15.1,"36,692",5.2,32.3
50005,14.3,"31,151",5.4,26.6
50007,10.1,"159,818",3.4,47.4
50009,18.1,"6,196",7.2,14.7
50011,11.8,"48,272",4.2,23.7
50013,9.7,"6,982",4.9,30.3
50015,12.3,"25,050",5.6,36.4
50017,13.0,"28,879",4.2,29.9
50019,15.0,"27,170",6.9,21.3
50021,13.5,"60,545",5.4,28.0
50023,12.6,"59,221",4.3,38.1
50025,14.7,"43,808",4.7,33.5
50027,11.2,"56,173",4.1,34.0
51000,11.7,"8,270,345",5.7,35.2
51001,19.3,"33,021",7.0,17.2
51003,9.5,"103,014",4.8,52.2
51005,13.7,"16,121",6.7,16.4
51007,12.1,"12,727",5.9,14.0
51009,14.2,"32,193",6.1,17.4
51011,16.2,"15,230",6.4,15.0
51013,8.5,"226,012",3.4,71.7
51015,8.9,"73,835",5.2,19.9
51017,11.7,"4,607",5.3,20.2
51019,8.9,"75,740",5.7,25.0
51021,15.0,"6,695",6.7,14.7
51023,7.4,"33,029",5.2,24.9
51025,21.7,"16,659",9.4,12.2
51027,24.4,"23,555",10.9,8.3
51029,22.8,"17,127",7.8,11.9
51031,13.3,"54,851",5.9,17.1
51033,14.5,"29,285",7.0,16.8
51035,16.5,"29,837",8.2,12.8
51036,12.2,"7,106",6.7,13.9
51037,19.7,"12,312",7.8,15.6
51041,8.0,"327,892",5.6,36.3
51043,7.9,"14,348",4.7,31.3
51045,12.9,"5,196",7.1,14.6
51047,10.1,"48,488",5.4,22.6
51049,18.2,"9,838",6.6,14.0
51051,21.8,"15,449",10.9,10.5
51053,14.5,"27,926",7.3,12.8
51057,15.5,"11,200",6.6,14.7
51059,6.0,"1,134,423",4.4,58.6
51061,7.0,"67,233",4.9,33.2
51063,14.2,"15,528",5.4,16.0
51065,8.2,"25,916",4.8,28.8
51067,14.4,"56,388",5.9,19.1
51069,7.9,"81,257",5.3,27.5
51071,13.3,"16,939",7.0,16.6
51073,10.6,"36,848",5.2,22.0
51075,7.5,"21,639",5.1,38.0
51077,18.3,"15,176",9.6,10.9
51079,11.5,"18,839",4.8,24.1
51081,26.3,"11,761",7.9,7.2
51083,22.2,"35,389",9.1,15.2
51085,5.6,"101,198",5.0,35.5
51087,11.3,"318,943",5.6,39.7
51089,18.5,"52,527",9.1,11.2
51091,14.6,"2,219",4.3,20.9
51093,10.6,"35,643",5.7,25.5
51095,7.5,"70,964",5.3,45.8
51097,13.4,"7,118",6.1,14.1
51099,7.9,"24,950",5.7,31.1
51101,9.1,"16,103",5.6,19.2
51103,15.2,"11,128",7.5,28.3
51105,29.0,"25,202",8.8,11.7
51107,3.8,"350,959",4.4,57.9
51109,11.7,"34,004",5.7,18.8
51111,21.4,"12,498",7.1,11.9
51113,12.7,"13,187",4.4,21.8
51115,10.5,"8,922",5.1,27.2
51117,17.1,"31,336",9.3,13.7
51119,15.5,"10,758",5.5,27.4
51121,23.4,"96,696",5.6,42.4
51125,15.8,"14,789",5.5,26.7
51127,6.7,"19,482",5.1,23.2
51131,22.4,"12,082",9.0,20.2
51133,16.1,"12,231",7.4,22.1
51135,23.5,"15,701",6.0,12.0
51137,10.4,"34,623",5.9,22.2
51139,15.3,"23,769",9.3,11.4
51141,19.4,"18,316",8.0,10.7
51143,15.2,"62,547",6.9,13.7
51145,7.7,"28,241",5.1,27.6
51147,23.5,"22,820",8.4,21.9
51149,12.9,"37,303",6.9,17.9
51153,7.0,"440,166",5.2,38.1
51155,15.7,"34,512",7.5,16.2
51157,10.3,"7,453",5.1,32.4
51159,20.3,"8,951",6.3,12.3
51161,7.7,"93,694",5.0,33.1
51163,13.6,"22,334",5.8,23.2
51165,9.6,"77,715",5.1,23.4
51167,18.8,"28,274",8.5,10.5
51169,18.4,"22,632",7.1,10.9
51171,11.6,"42,729",5.6,19.8
51173,17.3,"31,741",8.9,15.0
51175,16.7,"18,186",5.7,13.6
51177,7.7,"127,696",5.8,28.2
51179,6.4,"136,988",5.6,36.2
51181,13.6,"6,794",7.2,16.7
51183,24.0,"11,808",9.0,10.3
51185,17.5,"44,107",8.5,12.9
51187,12.0,"38,607",6.1,20.5
51191,14.9,"54,763",6.4,22.3
51193,15.3,"17,562",6.8,14.9
51195,19.3,"40,620",10.1,13.1
51197,15.1,"29,339",7.7,15.0
51199,6.0,"65,944",5.4,42.0
51510,8.8,"149,312",4.0,61.4
51515,20.2,,,25.0
51520,21.6,"17,436",7.1,19.6
51530,17.2,"6,675",6.7,14.9
51540,22.9,"45,093",4.7,49.9
51550,9.6,"230,431",5.9,29.3
51570,10.8,"17,708",6.5,20.5
51580,16.9,"5,833",8.4,8.3
51590,25.0,"42,770",9.8,17.2
51595,26.0,"5,565",9.8,16.0
51600,7.3,"24,194",4.2,51.9
51610,3.0,"13,469",3.9,74.4
51620,21.9,"8,632",9.2,20.6
51630,17.5,"27,862",6.4,35.1
51640,22.8,"7,014",8.5,14.5
51650,15.6,"136,948",7.4,22.5
51660,29.3,"51,518",6.7,35.1
51670,22.6,"22,209",9.5,10.2
51678,24.3,"7,232",8.6,41.7
51680,22.6,"78,710",7.1,31.2
51683,10.1,"41,725",5.3,28.7
51685,8.4,"15,409",5.1,26.0
51690,25.8,"13,748",11.2,16.7
51700,17.5,"182,015",6.7,23.9
51710,23.3,"245,480",6.9,25.3
51720,22.0,"4,017",8.4,20.5
51730,28.1,"32,593",11.6,14.9
51735,5.5,"12,125",5.0,37.2
51740,20.9,"96,174",8.0,19.5
51750,31.3,"17,277",7.5,32.1
51760,25.4,"214,704",6.8,34.8
51770,23.3,"98,815",6.6,23.6
51775,10.1,"25,282",5.8,30.8
51790,15.8,"24,318",5.8,28.0
51800,11.5,"85,749",6.3,26.2
51810,9.0,"449,308",5.4,32.9
51820,16.7,"21,250",6.0,19.1
51830,21.1,"14,745",7.7,49.8
51840,14.1,"27,497",5.8,28.6
53000,14.1,"6,973,742",7.0,31.9
53001,17.6,"19,073",8.8,14.0
53003,16.8,"22,104",7.4,17.8
53005,13.2,"184,453",8.9,28.9
53007,16.0,"74,037",7.2,23.9
53009,17.5,"72,250",9.6,24.2
53011,12.6,"443,312",9.4,26.0
53013,17.0,"4,036",8.5,17.2
53015,15.9,"101,729",10.0,15.4
53017,14.4,"39,459",8.1,17.3
53019,22.1,"7,663",13.6,16.1
53021,17.1,"86,614",9.3,15.0
53023,15.1,"2,248",7.8,22.7
53025,18.4,"92,084",8.6,14.6
53027,19.4,"71,001",11.8,14.1
53029,10.9,"78,589",7.5,31.7
53031,13.6,"30,067",9.3,36.5
53033,12.4,"2,046,956",4.9,46.6
53035,11.4,"253,205",7.1,29.5
53037,19.0,"41,781",7.7,33.6
53039,15.9,"20,843",10.2,19.5
53041,18.9,"75,102",10.6,14.0
53043,14.1,"10,283",6.9,20.3
53045,18.2,"60,521",10.0,17.3
53047,21.7,"41,136",8.5,16.5
53049,19.0,"20,434",11.5,17.8
53051,18.8,"12,924",12.2,17.8
53053,14.1,"820,219",8.3,24.0
53055,10.4,"15,871",6.0,45.1
53057,16.3,"118,742",8.5,23.6
53059,13.0,"11,255",10.5,20.8
53061,11.2,"746,446",5.7,28.9
53063,17.0,"479,327",8.1,28.4
53065,16.5,"43,433",10.7,18.6
53067,12.5,"262,561",7.5,32.3
53069,14.9,"4,044",12.6,14.3
53071,17.3,"59,637",7.4,26.0
53073,16.4,"206,248",7.3,31.9
53075,26.4,"46,758",6.0,48.9
53077,21.1,"247,297",9.9,15.5
54000,18.4,"1,853,595",6.7,18.3
54001,21.4,"16,796",7.0,11.5
54003,13.2,"108,684",5.5,19.8
54005,22.5,"24,087",9.5,8.5
54007,22.3,"14,445",10.1,11.2
54009,14.7,"23,706",7.8,17.0
54011,23.4,"97,181",5.8,25.8
54013,21.0,"7,533",10.2,10.2
54015,23.6,"9,202",12.0,8.1
54017,18.1,"8,417",5.4,12.4
54019,22.6,"45,567",8.6,11.6
54021,31.1,"8,650",6.6,16.6
54023,16.7,"11,788",8.2,10.9
54025,17.7,"35,749",7.4,17.1
54027,16.9,"23,467",6.9,8.2
54029,14.6,"30,229",8.1,15.7
54031,18.0,"13,973",9.0,9.5
54033,16.1,"68,926",5.5,19.8
54035,18.1,"29,187",7.0,15.8
54037,11.3,"54,961",4.7,27.6
54039,15.3,"191,394",5.9,25.0
54041,17.4,"16,455",6.4,15.6
54043,23.7,"21,520",9.5,8.2
54045,22.2,"35,981",9.7,9.2
54047,36.5,"20,890",12.5,5.8
54049,15.3,"56,758",5.9,20.3
54051,16.9,"32,580",7.4,14.2
54053,22.3,"27,146",9.4,10.0
54055,26.7,"61,910",7.6,17.7
54057,16.4,"27,707",7.4,13.2
54059,24.9,"25,948",11.2,10.7
54061,19.2,"102,217",4.5,38.1
54063,17.3,"13,502",6.3,13.7
54065,15.4,"17,422",6.0,15.8
54067,18.6,"25,987",9.5,14.1
54069,15.3,"43,728",5.7,29.1
54071,18.0,"7,443",5.4,13.0
54073,15.0,"7,596",7.2,10.5
54075,19.2,"8,673",8.6,16.4
54077,17.0,"33,708",6.4,12.6
54079,11.0,"56,586",5.7,24.0
54081,20.2,"78,629",7.3,17.0
54083,18.5,"29,566",7.2,19.1
54085,19.1,"10,077",6.1,10.6
54087,23.1,"14,655",10.4,10.3
54089,22.6,"13,532",7.6,12.7
54091,17.2,"16,992",5.6,15.5
54093,16.3,"6,953",6.9,15.4
54095,17.9,"8,998",8.5,9.4
54097,20.6,"24,662",7.0,15.4
54099,20.0,"41,525",6.9,11.5
54101,27.1,"8,881",10.4,8.6
54103,19.7,"16,191",9.2,10.2
54105,21.3,"5,875",10.1,10.9
54107,17.9,"86,400",6.2,18.4
54109,24.3,"22,960",9.2,8.7
55000,13.5,"5,742,953",6.8,26.8
55001,15.1,"20,504",10.7,12.1
55003,18.1,"16,064",9.1,21.7
55005,13.5,"45,604",7.5,16.2
55007,13.9,"15,125",10.9,28.5
55009,12.1,"254,765",6.2,26.8
55011,12.0,"13,330",6.6,17.2
55013,14.3,"15,316",8.4,16.7
55015,6.4,"49,644",5.3,27.6
55017,11.5,"63,199",6.8,18.6
55019,14.5,"34,562",7.0,11.6
55021,9.2,"56,613",6.5,21.3
55023,14.3,"16,424",8.1,15.4
55025,13.7,"510,027",4.7,46.6
55027,9.4,"88,399",6.9,15.8
55029,10.1,"27,873",9.7,29.0
55031,17.3,"43,796",6.7,21.7
55033,14.9,"44,221",6.4,24.7
55035,13.7,"101,704",5.7,31.0
55037,13.5,"4,517",8.1,14.5
55039,9.1,"101,648",6.2,20.0
55041,18.1,"9,128",10.7,12.2
55043,17.2,"51,120",5.9,19.1
55045,10.7,"37,086",5.8,20.6
55047,13.9,"18,967",8.0,16.6
55049,11.0,"23,740",6.5,21.7
55051,15.3,"5,887",10.8,20.8
55053,16.0,"20,585",7.2,14.8
55055,10.6,"84,610",6.4,23.0
55057,14.8,"26,540",8.2,12.4
55059,15.8,"167,521",7.6,23.2
55061,10.0,"20,474",6.4,13.5
55063,14.8,"117,330",5.3,29.9
55065,11.7,"16,766",5.4,16.5
55067,16.1,"19,572",9.0,13.2
55069,12.4,"28,676",8.4,14.5
55071,10.7,"80,623",7.4,18.7
55073,11.1,"135,365",6.7,22.2
55075,14.3,"41,497",7.9,13.6
55077,11.5,"15,149",8.4,12.9
55078,38.8,"4,382",15.9,15.8
55079,22.4,"956,386",8.4,28.1
55081,14.2,"45,249",6.9,17.4
55083,9.7,"37,334",7.7,14.9
55085,11.6,"35,696",8.6,23.6
55087,8.6,"180,225",6.1,26.4
55089,6.0,"87,095",5.3,44.9
55091,12.7,"7,368",5.7,17.1
55093,10.6,"40,733",5.3,25.7
55095,10.5,"43,424",7.2,19.3
55097,13.8,"70,587",6.9,27.5
55099,15.5,"13,772",6.8,15.3
55101,13.3,"194,922",8.4,23.0
55103,15.7,"17,779",6.1,15.0
55105,14.3,"160,633",7.8,19.4
55107,18.5,"14,371",8.6,14.3
55109,6.3,"85,908",5.4,33.0
55111,12.0,"63,063",6.3,21.0
55113,17.6,"16,513",10.8,22.0
55115,14.2,"41,594",7.4,15.3
55117,11.0,"114,868",6.1,22.4
55119,13.8,"20,577",6.5,13.6
55121,9.9,"29,579",5.6,17.5
55123,13.9,"30,285",6.0,19.5
55125,14.4,"21,355",10.1,24.1
55127,12.9,"103,079",6.9,26.2
55129,13.6,"15,673",7.5,20.3
55131,7.0,"132,746",5.7,27.6
55133,5.8,"393,940",5.5,40.2
55135,12.3,"52,212",7.3,16.6
55137,13.1,"24,330",8.5,14.3
55139,12.6,"169,360",6.4,25.5
55141,11.7,"73,944",7.3,18.8
56000,10.9,"583,223",4.7,24.7
56001,20.2,"37,574",3.7,48.0
56003,11.2,"12,006",5.2,21.2
56005,7.5,"48,210",4.2,18.8
56007,14.2,"15,791",4.3,17.7
56009,9.4,"14,316",3.7,18.8
56011,7.8,"7,158",4.4,20.9
56013,15.3,"41,052",5.7,21.2
56015,16.3,"13,578",4.2,20.5
56017,12.5,"4,856",4.7,17.9
56019,8.7,"8,622",5.1,26.6
56021,10.2,"96,015",4.8,25.1
56023,8.9,"18,326",5.8,21.0
56025,10.1,"81,143",4.5,22.3
56027,15.0,"2,549",3.5,18.5
56029,10.0,"29,154",5.1,27.8
56031,10.9,"8,735",4.4,23.2
56033,10.1,"29,836",5.5,27.4
56035,6.3,"10,087",4.7,23.3
56037,8.7,"45,205",4.4,18.1
56039,7.7,"22,375",5.6,48.7
56041,12.0,"21,031",5.3,18.9
56043,11.3,"8,450",5.0,23.6
56045,9.9,"7,154",3.6,17.2
,,,,
,,,,
,,,,
,,,,
,,,,
,,,,
,,,,
,,,,
,,,,
,,,,
,,,,
,,,,
,,,,
,,,,
,,,,
,,,,
,,,,
,,,,
,,,,
,,,,
,,,,
,,,,
,,,,
,,,,
,,,,
,,,,
,,,,
,,,,
,,,,
,,,,
,,,,
,,,,
,,,,
,,,,
,,,,
,,,,
,,,,
,,,,
,,,,
,,,,
,,,,
,,,,
,,,,
,,,,
,,,,
,,,,
,,,,
,,,,
,,,,
,,,,
,,,,
,,,,
,,,,
,,,,
,,,,
,,,,
,,,,
,,,,
,,,,
,,,,
,,,,
,,,,
,,,,
,,,,
,,,,
,,,,
,,,,
,,,,
,,,,
,,,,
,,,,
,,,,
,,,,
,,,,
,,,,
,,,,
,,,,
,,,,
,,,,
,,,,
,,,,
,,,,
,,,,
,,,,
,,,,
,,,,
,,,,
,,,,
,,,,
,,,,
,,,,
,,,,
,,,,
,,,,
,,,,
,,,,
,,,,
,,,,
,,,,
,,,,
,,,,
,,,,
,,,,
,,,,
,,,,
,,,,
,,,,
,,,,
,,,,
,,,,
,,,,
,,,,
,,,,
,,,,
,,,,
,,,,
,,,,
,,,,
,,,,
,,,,
,,,,
,,,,
,,,,
,,,,
,,,,
,,,,
,,,,
,,,,
,,,,
,,,,
,,,,
,,,,
,,,,
,,,,
,,,,
,,,,
,,,,
,,,,
,,,,
,,,,
,,,,
,,,,
,,,,
,,,,
,,,,
,,,,
,,,,
,,,,
,,,,
,,,,
,,,,
,,,,
,,,,
,,,,
,,,,
,,,,
,,,,
,,,,
,,,,
,,,,
,,,,
,,,,
,,,,
,,,,
,,,,
,,,,
,,,,
,,,,
,,,,
,,,,
,,,,
,,,,
,,,,
,,,,
,,,,
,,,,
,,,,
,,,,
,,,,
,,,,
